label,sub_bass,bass,lower_midrange,mid_range,higher_midrange,presence,brilliance
Frozen,75,69,28,9,60,23,10
Frozen,92,0,16,64,62,44,3
Frozen,74,21,23,99,0,24,27
Frozen,3,95,4,1,25,12,73
Frozen,99,9,37,80,0,23,60
Frozen,47,21,3,69,1,31,12
Frozen,44,60,73,0,20,68,0
Frozen,82,63,20,38,1,3,63
Frozen,75,90,2,7,14,0,5
Frozen,98,44,84,0,2,1,6
Frozen,99,87,5,19,6,0,0
Frozen,74,20,52,17,0,8,6
Frozen,75,31,26,8,29,16,3
Frozen,3,44,14,3,65,99,5
Frozen,24,2,36,85,34,5,5
Frozen,78,95,15,29,54,16,31
Frozen,23,61,75,3,49,25,79
Frozen,77,28,37,85,0,73,20
Frozen,50,21,28,95,1,64,9
Frozen,75,1,60,65,78,7,55
Frozen,2,54,2,0,31,89,14
Frozen,81,76,1,0,21,23,13
Frozen,50,91,62,3,1,7,11
Frozen,77,51,89,0,39,2,6
Frozen,80,69,13,10,14,96,0
Frozen,18,52,91,79,27,21,7
Frozen,5,92,3,7,30,0,13
Frozen,75,34,74,94,10,20,42
Frozen,11,80,16,17,19,4,12
Frozen,23,77,0,68,7,65,2
Frozen,81,90,51,10,11,4,3
Frozen,76,21,53,0,22,11,0
Frozen,99,84,62,7,17,44,0
Frozen,77,49,10,80,2,5,6
Frozen,77,98,10,11,17,1,87
Frozen,11,80,5,0,5,23,0
Frozen,75,65,81,29,1,3,7
Frozen,52,77,1,0,25,2,2
Frozen,40,95,18,6,28,5,0
Frozen,99,1,68,68,2,42,14
Frozen,75,41,87,1,2,10,20
Frozen,52,1,28,76,6,93,2
Frozen,99,51,55,53,28,15,95
Frozen,75,21,1,97,9,34,28
Frozen,75,80,10,13,37,0,23
Frozen,43,76,1,0,52,95,12
Frozen,67,78,69,0,1,4,15
Frozen,28,94,92,39,35,2,21
Frozen,35,63,26,2,21,17,5
Frozen,69,84,61,7,0,1,0
Frozen,34,83,1,34,1,15,5
Frozen,80,74,0,7,15,0,0
Frozen,74,50,37,0,38,0,1
Frozen,75,89,82,13,38,0,8
Frozen,67,1,76,3,10,90,0
Frozen,55,38,28,4,88,0,89
Frozen,67,99,0,0,0,0,10
Frozen,4,99,2,18,3,28,11
Frozen,98,39,67,50,27,20,62
Frozen,75,2,37,0,0,0,35
Frozen,75,21,64,0,2,30,14
Frozen,48,89,32,15,1,91,0
Frozen,42,2,60,75,10,20,15
Frozen,73,76,2,12,84,5,74
Frozen,88,36,47,75,2,94,0
Frozen,57,91,67,1,5,80,96
Frozen,95,88,97,50,78,14,4
Frozen,75,21,82,57,4,0,81
Frozen,75,66,65,8,38,5,5
Frozen,39,7,16,46,3,0,4
Frozen,17,0,31,31,92,22,25
Frozen,93,86,63,0,4,0,7
Frozen,61,65,61,7,40,4,4
Frozen,31,68,1,2,57,16,4
Frozen,92,73,4,57,0,11,8
Frozen,95,76,12,2,38,9,74
Frozen,86,47,55,48,15,5,1
Frozen,1,63,47,50,6,3,0
Frozen,64,99,42,51,0,39,38
Frozen,43,24,64,0,1,12,84
Frozen,95,42,34,66,1,24,50
Frozen,74,14,96,67,14,25,0
Frozen,14,2,2,60,19,16,92
Frozen,98,3,11,25,11,87,7
Frozen,52,36,2,99,17,0,86
Frozen,90,97,87,0,6,16,28
Frozen,20,65,43,7,38,6,6
Frozen,77,20,39,97,0,13,19
Frozen,41,99,71,25,1,13,30
Frozen,55,81,6,78,57,97,0
Frozen,19,0,20,33,11,27,88
Frozen,33,93,1,27,53,8,11
Frozen,75,18,7,99,0,0,10
Frozen,57,80,2,0,13,96,0
Frozen,78,77,95,0,35,98,0
Frozen,92,21,57,40,10,0,0
Frozen,83,1,28,9,3,21,30
Frozen,45,93,4,2,12,1,0
Frozen,68,70,88,7,19,87,24
Frozen,33,79,13,56,52,14,4
Frozen,69,89,2,1,72,2,9
Frozen,80,96,0,3,21,61,2
Frozen,77,16,50,52,0,1,4
Frozen,96,76,0,0,61,14,4
Frozen,74,87,29,15,77,92,96
Frozen,99,31,60,35,43,15,0
Frozen,91,78,84,14,39,0,0
Frozen,95,10,1,74,62,51,17
Frozen,68,88,5,5,32,86,0
Frozen,86,56,78,0,68,2,12
Frozen,63,98,10,8,35,20,6
Frozen,12,70,55,1,31,62,11
Frozen,77,84,7,57,0,90,0
Frozen,37,96,92,22,2,8,8
Frozen,58,76,4,1,51,98,2
Frozen,98,92,7,65,0,16,69
Frozen,76,47,72,1,56,9,40
Frozen,76,88,63,81,0,39,13
Frozen,99,88,6,38,47,4,7
Frozen,64,64,84,0,1,0,3
Frozen,77,47,3,78,6,9,6
Frozen,98,67,50,4,53,68,1
Frozen,96,90,10,23,0,14,26
Frozen,82,99,56,38,86,21,25
Frozen,17,73,19,6,42,1,16
Frozen,88,74,58,0,55,2,2
Frozen,78,99,0,0,39,25,67
Frozen,74,11,73,3,8,99,1
Frozen,99,99,1,54,18,28,4
Frozen,75,67,0,2,58,62,0
Frozen,6,40,1,0,4,49,94
Frozen,72,76,13,0,49,49,0
Frozen,30,74,24,21,2,3,16
Frozen,99,78,5,1,4,0,3
Frozen,93,10,39,72,3,10,0
Frozen,72,79,1,9,79,0,6
Frozen,77,47,16,53,97,0,3
Frozen,1,74,82,5,42,0,27
Frozen,75,21,62,0,1,0,38
Frozen,77,20,44,2,20,58,92
Frozen,94,77,66,77,55,0,72
Frozen,74,79,1,8,88,0,6
Frozen,17,75,0,5,90,0,3
Frozen,96,27,7,69,0,23,10
Frozen,99,83,69,50,60,8,1
Frozen,74,56,2,0,25,24,13
Frozen,61,95,90,2,35,35,3
Frozen,92,77,11,25,0,0,4
Frozen,26,91,11,3,54,2,10
Frozen,21,94,2,3,32,16,2
Frozen,47,2,68,40,9,21,3
Frozen,92,76,64,1,3,1,1
Frozen,3,72,38,11,0,59,46
Frozen,83,76,64,21,45,0,69
Frozen,83,94,11,8,8,2,4
Frozen,77,47,40,90,1,14,0
Frozen,77,60,79,79,1,57,85
Frozen,76,2,1,75,4,8,3
Frozen,16,31,26,74,2,12,97
Frozen,95,31,60,61,1,3,0
Frozen,20,3,40,72,0,55,17
Frozen,79,3,77,93,3,3,9
Frozen,76,3,90,59,6,9,23
Frozen,5,74,22,98,7,95,3
Frozen,75,66,53,3,74,1,5
Frozen,1,60,40,2,59,32,0
Frozen,33,77,1,1,20,8,93
Frozen,42,69,27,0,3,17,4
Frozen,99,99,70,0,8,0,7
Frozen,23,89,2,0,3,31,0
Frozen,72,75,42,1,32,42,3
Frozen,76,76,0,5,42,40,5
Frozen,76,98,66,1,9,8,0
Frozen,0,46,76,2,62,99,28
Frozen,78,79,68,8,74,0,3
Frozen,75,2,30,3,68,20,35
Frozen,99,99,71,25,4,8,64
Frozen,82,97,14,46,19,0,95
Frozen,97,36,3,1,41,9,18
Frozen,2,72,6,2,61,99,28
Frozen,75,93,30,5,28,44,0
Frozen,98,88,8,36,48,0,2
Frozen,27,84,16,59,48,10,37
Frozen,56,68,67,2,6,5,76
Frozen,18,99,10,11,98,26,4
Frozen,26,47,16,89,0,0,1
Frozen,75,0,97,4,78,18,8
Frozen,94,51,26,6,48,0,8
Frozen,99,35,1,95,96,1,6
Frozen,66,28,47,16,31,7,13
Frozen,95,92,35,10,87,5,48
Frozen,9,49,66,13,87,26,5
Frozen,91,18,67,96,0,6,7
Frozen,98,29,56,1,25,40,4
Frozen,77,79,2,8,67,5,99
Frozen,97,15,40,0,7,1,29
Frozen,6,35,36,43,74,89,0
Frozen,80,48,0,6,18,97,1
Frozen,72,78,0,7,93,3,0
Frozen,66,53,66,0,93,9,18
Frozen,40,31,29,22,18,14,6
Frozen,5,76,3,3,13,4,3
Frozen,17,84,47,51,89,12,2
Frozen,87,1,0,73,0,47,15
Frozen,58,79,6,2,47,1,1
Frozen,4,78,4,1,64,0,16
Frozen,0,60,3,8,22,97,28
Frozen,76,46,20,16,0,2,98
Frozen,97,90,9,41,6,2,0
Frozen,76,97,17,28,3,1,64
Frozen,72,77,6,1,8,2,4
Frozen,92,76,82,2,62,27,0
Frozen,75,99,0,0,0,19,6
Frozen,88,31,20,42,13,1,98
Frozen,94,47,67,14,86,30,5
Frozen,70,63,0,8,67,0,2
Frozen,76,59,1,82,0,7,40
Frozen,97,98,0,44,13,3,63
Frozen,0,89,29,43,10,1,0
Frozen,3,38,36,44,80,99,0
Frozen,1,79,4,1,26,5,14
Frozen,36,53,28,0,31,78,4
Frozen,7,47,9,0,19,69,0
Frozen,13,72,87,27,1,43,9
Frozen,0,85,78,0,77,98,1
Frozen,4,74,6,1,84,11,97
Frozen,90,90,4,1,51,88,0
Frozen,63,69,9,14,15,99,0
Frozen,36,5,84,40,0,0,32
Frozen,26,2,64,43,11,50,7
Frozen,74,10,43,89,0,3,3
Frozen,75,63,46,2,59,62,0
Frozen,59,91,36,26,20,8,14
Frozen,96,48,20,17,1,1,98
Frozen,89,89,80,8,46,0,0
Frozen,77,21,40,76,64,12,1
Frozen,49,72,13,65,13,11,0
Frozen,93,85,83,11,35,1,0
Frozen,34,82,3,5,4,13,10
Frozen,12,73,61,0,26,34,0
Frozen,72,30,43,53,27,0,0
Frozen,30,90,26,56,47,0,0
Frozen,86,3,4,52,0,0,14
Frozen,64,91,3,1,42,2,4
Frozen,77,58,32,63,31,5,13
Frozen,75,98,99,0,51,0,53
Frozen,77,95,28,12,63,25,96
Frozen,81,27,0,0,27,25,12
Frozen,74,21,83,57,0,5,35
Frozen,77,43,11,0,0,27,5
Frozen,91,1,38,1,18,9,18
Frozen,66,71,39,0,15,12,0
Frozen,0,37,4,15,35,55,89
Frozen,86,61,25,82,2,59,3
Frozen,77,81,54,0,16,95,99
Frozen,88,99,72,23,71,11,18
Frozen,99,31,9,3,78,7,19
Frozen,81,64,92,1,69,13,23
Frozen,43,99,2,1,1,14,71
Frozen,31,80,61,6,86,14,8
Frozen,99,96,76,25,68,90,1
Frozen,0,76,4,7,59,28,27
Frozen,4,55,37,0,43,8,1
Frozen,53,94,91,56,15,20,32
Frozen,0,34,34,71,71,2,33
Frozen,88,69,20,59,23,10,0
Frozen,77,20,0,0,15,34,78
Frozen,52,44,16,54,51,1,2
Frozen,57,6,2,65,49,41,0
Frozen,1,59,46,3,10,17,1
Frozen,64,63,19,1,90,1,0
Frozen,2,71,0,2,62,99,28
Frozen,89,74,1,7,3,20,13
Frozen,97,43,70,0,1,3,63
Frozen,64,42,1,2,99,0,2
Frozen,31,38,12,90,11,79,0
Frozen,75,90,30,73,2,65,5
Frozen,33,15,80,61,2,17,8
Frozen,19,50,46,7,6,3,32
Frozen,94,76,59,0,25,78,0
Frozen,72,85,3,1,42,48,2
Frozen,44,21,42,0,87,10,10
Frozen,96,41,68,67,4,0,68
Frozen,95,51,26,22,25,57,3
Frozen,95,68,26,21,74,2,9
Frozen,15,86,0,1,1,5,6
Frozen,73,77,1,12,4,34,3
Frozen,78,74,51,5,76,0,0
Frozen,29,99,32,12,20,12,13
Frozen,3,0,17,35,69,19,53
Frozen,75,55,3,0,37,32,5
Frozen,6,78,4,1,54,1,3
Frozen,75,92,88,13,64,24,7
Frozen,88,23,6,1,35,6,0
Frozen,30,58,96,45,0,36,32
Frozen,0,71,30,1,29,0,14
Frozen,94,31,63,6,1,15,2
Frozen,53,50,26,0,3,97,0
Frozen,54,94,4,61,0,24,11
Frozen,1,2,4,21,20,24,88
Frozen,21,86,98,0,0,33,67
Frozen,6,33,22,58,7,4,3
Frozen,75,26,9,90,1,1,11
Frozen,87,52,45,83,3,61,40
Frozen,56,73,40,79,0,61,32
Frozen,99,21,23,21,12,85,0
Frozen,0,79,89,8,27,27,5
Frozen,89,99,21,7,0,6,49
Frozen,66,16,35,11,69,8,7
Frozen,56,99,37,7,40,34,30
Frozen,5,76,7,63,46,83,1
Frozen,90,79,2,1,75,8,0
Frozen,81,82,3,7,86,8,3
Frozen,94,92,84,1,55,0,0
Frozen,94,72,55,5,28,98,0
Frozen,73,84,44,1,90,0,3
Frozen,89,28,41,56,35,2,24
Frozen,78,49,19,1,16,1,10
Frozen,49,97,28,14,2,7,1
Frozen,99,31,52,0,29,16,3
Frozen,90,91,87,1,87,0,1
Frozen,63,71,92,5,1,3,3
Frozen,96,81,70,38,5,25,2
Frozen,80,31,3,68,0,11,24
Frozen,65,91,3,2,31,14,74
Frozen,86,1,51,51,27,4,1
Frozen,22,77,91,32,5,45,10
Frozen,84,77,26,19,7,0,3
Frozen,25,64,14,3,46,1,15
Frozen,75,37,24,74,0,43,42
Frozen,63,86,21,4,4,8,0
Frozen,99,73,72,19,7,15,3
Frozen,75,80,81,13,37,1,9
Frozen,99,98,35,0,1,15,0
Frozen,98,21,53,50,25,45,13
Frozen,93,74,0,0,2,72,0
Frozen,75,77,2,75,50,2,5
Frozen,5,68,48,0,51,80,2
Frozen,66,71,45,8,15,54,6
Frozen,74,81,0,0,67,0,4
Frozen,74,62,9,2,44,2,1
Frozen,3,69,52,0,24,11,1
Frozen,99,77,66,1,51,5,24
Frozen,14,0,21,99,13,25,88
Frozen,14,83,65,72,58,37,97
Frozen,90,99,40,45,73,9,30
Frozen,0,77,65,8,34,37,6
Frozen,85,72,59,0,34,94,0
Frozen,40,52,26,22,1,0,8
Frozen,80,92,3,1,16,50,8
Frozen,97,3,0,71,0,12,14
Frozen,99,80,10,38,38,2,2
Frozen,75,99,24,13,6,37,7
Frozen,35,99,1,14,9,0,14
Frozen,77,79,86,22,46,1,6
Frozen,6,69,16,18,73,4,20
Frozen,99,87,0,21,52,32,4
Frozen,89,49,61,0,3,25,38
Frozen,54,84,71,7,6,14,2
Frozen,2,98,87,8,60,20,0
Frozen,77,97,6,39,91,54,0
Frozen,96,1,37,21,2,4,0
Frozen,98,73,20,30,41,37,16
Frozen,96,40,20,70,27,6,56
Frozen,77,32,43,65,12,22,5
Frozen,33,0,64,1,3,70,34
Frozen,75,84,0,10,0,20,3
Frozen,77,21,70,0,49,0,3
Frozen,2,70,4,1,17,26,1
Frozen,39,99,74,1,26,10,5
Frozen,95,2,20,47,84,2,0
Frozen,75,89,26,1,80,32,6
Frozen,31,99,20,27,65,14,9
Frozen,0,80,70,2,29,10,10
Frozen,96,16,21,15,31,16,12
Frozen,78,42,83,82,34,6,45
Frozen,48,94,0,24,2,12,12
Frozen,75,85,1,3,55,7,19
Frozen,99,5,68,27,61,97,0
Frozen,67,92,59,11,80,0,7
Frozen,94,73,20,22,7,85,0
Frozen,6,85,5,1,3,19,24
Frozen,69,58,70,9,23,64,0
Frozen,96,96,6,6,0,22,65
Frozen,77,20,92,89,5,2,19
Frozen,98,81,0,9,20,22,1
Frozen,99,99,26,4,62,9,22
Frozen,10,99,17,20,9,4,65
Frozen,24,99,20,6,0,9,1
Frozen,99,63,11,14,80,35,15
Frozen,96,8,19,98,5,6,8
Frozen,75,60,0,37,20,3,0
Frozen,38,6,29,64,18,12,17
Frozen,99,31,20,35,43,15,72
Frozen,77,0,40,48,24,45,29
Frozen,10,62,24,2,60,46,2
Frozen,87,97,12,80,0,0,1
Frozen,2,98,0,12,56,0,4
Frozen,75,29,23,60,19,7,23
Frozen,75,20,24,14,0,10,35
Frozen,28,92,91,51,16,5,1
Frozen,51,96,4,1,17,21,0
Frozen,98,91,2,18,3,76,23
Frozen,98,99,28,2,16,1,7
Frozen,40,0,11,61,0,59,90
Frozen,55,99,61,4,0,1,0
Frozen,79,11,57,52,27,36,1
Frozen,0,66,45,3,92,0,46
Frozen,22,32,28,0,92,8,1
Frozen,97,15,13,99,16,31,11
Frozen,95,99,85,3,4,84,0
Frozen,75,49,0,2,34,63,4
Frozen,3,75,27,7,61,4,87
Frozen,54,94,1,65,48,22,6
Frozen,98,81,63,29,0,10,3
Frozen,48,59,98,1,4,2,95
Frozen,65,5,87,2,7,2,5
Frozen,78,76,20,70,2,6,40
Frozen,75,50,22,9,6,4,24
Frozen,99,28,46,4,41,40,4
Frozen,84,84,61,25,9,0,4
Frozen,73,93,22,8,78,35,21
Frozen,88,0,0,73,19,27,20
Frozen,75,99,23,5,71,31,8
Frozen,98,97,17,0,37,7,69
Frozen,71,80,18,11,71,27,97
Frozen,93,77,12,0,44,1,3
Frozen,77,73,7,6,8,7,14
Frozen,74,77,94,0,63,91,81
Frozen,57,98,65,0,6,24,5
Frozen,15,31,26,75,1,12,97
Frozen,4,15,91,19,0,7,16
Frozen,60,76,0,1,33,14,61
Frozen,97,98,25,2,1,10,3
Frozen,75,82,3,15,97,10,0
Frozen,19,7,6,41,17,28,5
Frozen,99,63,11,16,78,34,23
Frozen,66,99,68,29,70,11,18
Frozen,80,96,0,3,45,2,12
Frozen,61,74,50,49,0,54,3
Frozen,0,71,6,0,42,6,1
Frozen,12,77,69,7,31,5,5
Frozen,50,2,25,83,0,74,0
Frozen,56,61,94,61,37,39,3
Frozen,69,92,12,4,93,3,9
Frozen,1,99,9,16,69,35,14
Frozen,54,39,61,87,3,1,24
Frozen,78,45,13,12,58,91,13
Frozen,29,44,47,89,0,2,5
Frozen,75,72,0,0,13,2,0
Frozen,91,19,0,35,2,9,1
Frozen,73,1,16,89,0,48,0
Frozen,27,80,1,6,90,0,3
Frozen,77,83,48,50,88,0,1
Frozen,39,28,70,1,6,13,5
Frozen,76,51,21,1,18,2,12
Frozen,76,78,0,0,9,0,0
Frozen,75,96,11,2,23,1,2
Frozen,56,76,91,0,5,5,5
Frozen,86,26,6,37,13,10,1
Frozen,75,21,68,60,33,11,5
Frozen,74,5,38,12,0,13,8
Frozen,74,79,23,0,32,13,82
Frozen,52,35,74,14,95,0,8
Frozen,12,57,37,23,6,13,9
Frozen,76,43,26,49,23,40,79
Frozen,96,42,99,0,1,28,63
Frozen,12,21,88,6,66,8,10
Frozen,2,57,41,37,46,1,87
Frozen,58,81,4,1,51,6,2
Frozen,42,91,3,3,85,10,1
Frozen,77,17,48,54,9,39,4
Frozen,93,1,71,2,7,8,0
Frozen,4,75,62,6,22,7,87
Frozen,12,78,66,1,92,1,7
Frozen,9,76,84,1,45,57,5
Frozen,96,52,92,62,44,43,0
Frozen,78,21,52,53,13,40,9
Frozen,38,80,67,1,67,30,1
Frozen,20,94,91,61,18,86,32
Frozen,75,68,62,3,68,8,5
Frozen,70,82,2,0,2,18,2
Frozen,75,29,37,55,68,38,5
Frozen,20,79,7,2,45,80,16
Frozen,64,0,4,75,3,17,32
Frozen,88,25,7,56,0,0,3
Frozen,58,1,9,74,63,56,30
Frozen,92,98,11,1,5,9,28
Frozen,94,20,34,80,63,8,7
Frozen,18,59,95,62,0,41,42
Frozen,73,40,30,22,18,18,9
Frozen,8,79,3,1,20,9,18
Frozen,95,63,44,0,27,42,70
Frozen,70,2,64,77,0,1,4
Frozen,76,21,62,1,27,7,11
Frozen,67,48,19,9,22,11,17
Frozen,95,76,84,0,53,51,25
Frozen,98,37,68,1,13,99,1
Frozen,75,64,88,29,4,4,7
Frozen,81,64,80,95,7,14,84
Frozen,40,95,13,4,11,10,3
Frozen,79,6,33,60,37,6,23
Frozen,50,24,53,94,23,0,73
Frozen,61,63,20,1,48,1,8
Frozen,92,90,29,8,11,0,2
Frozen,77,93,10,7,5,0,13
Frozen,95,79,13,12,94,1,3
Frozen,74,67,51,0,4,0,3
Frozen,8,1,18,85,0,30,7
Frozen,71,21,84,12,30,99,0
Frozen,44,62,23,8,6,53,85
Frozen,53,33,30,0,70,98,4
Frozen,99,3,59,86,0,1,5
Frozen,64,50,2,2,96,9,2
Frozen,45,23,93,1,19,41,8
Frozen,76,97,6,8,9,0,94
Frozen,99,79,66,2,4,0,2
Frozen,20,44,62,77,5,7,83
Frozen,51,77,65,8,82,8,43
Frozen,48,21,34,25,0,40,9
Frozen,93,84,67,8,34,0,3
Frozen,71,98,37,0,3,30,3
Frozen,77,75,61,0,69,0,12
Frozen,75,97,0,0,3,9,1
Frozen,0,92,39,0,38,3,2
Frozen,98,98,7,30,42,37,16
Frozen,19,98,3,1,99,0,3
Frozen,90,1,74,52,0,0,23
Frozen,87,70,28,9,37,61,5
Frozen,38,99,46,6,0,30,0
Frozen,80,84,0,11,55,3,14
Frozen,14,21,62,81,0,80,22
Frozen,39,0,1,42,0,0,0
Frozen,99,55,24,31,38,1,3
Frozen,55,99,11,21,0,4,20
Frozen,78,24,25,49,19,24,72
Frozen,47,64,98,46,16,4,4
Frozen,81,99,21,16,21,5,13
Frozen,75,94,1,8,55,3,14
Frozen,75,70,31,0,25,37,0
Frozen,27,21,33,95,13,92,7
Frozen,75,77,3,1,4,0,84
Frozen,95,24,57,52,26,49,2
Frozen,77,21,67,1,86,2,28
Frozen,13,4,68,24,6,11,79
Frozen,98,97,15,1,18,12,27
Frozen,74,92,64,2,85,0,3
Frozen,68,5,64,28,3,77,9
Frozen,77,62,76,10,11,99,1
Frozen,69,73,21,7,54,94,0
Frozen,11,74,32,0,4,82,6
Frozen,2,59,45,0,55,95,1
Frozen,57,79,80,2,3,0,72
Frozen,19,94,3,3,41,20,2
Frozen,32,55,79,0,75,25,6
Frozen,44,81,27,12,74,27,99
Frozen,89,65,19,3,48,3,3
Frozen,5,81,4,0,7,9,0
Frozen,64,5,0,42,13,36,7
Frozen,2,21,62,60,0,75,3
Frozen,61,78,1,9,26,37,0
Frozen,1,76,5,7,31,91,6
Frozen,93,98,35,12,0,28,1
Frozen,96,78,80,3,55,74,0
Frozen,77,21,71,1,57,2,3
Frozen,20,70,52,8,45,2,3
Frozen,6,80,7,0,51,41,2
Frozen,79,78,67,0,43,13,81
Frozen,66,37,5,64,16,18,5
Frozen,35,3,58,46,26,1,2
Frozen,78,99,63,1,2,13,17
Frozen,99,51,55,53,28,15,95
Frozen,98,78,3,5,0,32,9
Frozen,77,77,5,8,45,1,2
Frozen,27,99,58,28,14,8,2
Frozen,79,9,43,87,3,1,3
Frozen,25,70,32,1,53,0,6
Frozen,50,77,3,49,5,1,5
Frozen,84,72,4,2,16,7,7
Frozen,1,66,0,0,62,93,28
Frozen,90,93,54,0,2,0,95
Frozen,95,77,0,8,13,0,10
Frozen,4,96,10,1,1,18,71
Frozen,95,96,29,9,0,34,5
Frozen,21,99,10,7,83,2,1
Frozen,75,91,10,0,26,1,0
Frozen,94,90,1,0,41,29,2
Frozen,95,63,45,78,1,50,5
Frozen,48,72,67,0,22,28,9
Frozen,77,59,42,63,0,1,6
Frozen,63,37,21,0,36,20,10
Frozen,50,91,59,2,0,23,9
Frozen,31,66,31,10,0,29,36
Frozen,58,81,7,2,47,99,2
Frozen,84,90,85,1,4,3,6
Frozen,96,62,42,72,8,10,82
Frozen,70,94,43,23,1,18,19
Frozen,75,95,13,4,3,29,8
Frozen,48,81,0,21,51,6,4
Frozen,0,71,19,6,17,8,1
Frozen,95,47,3,22,5,69,7
Frozen,12,73,60,1,35,62,2
Frozen,98,91,67,0,4,0,2
Frozen,64,32,3,1,15,0,9
Frozen,3,60,40,1,36,8,1
Frozen,60,92,8,23,0,0,24
Frozen,98,88,1,12,45,40,3
Frozen,3,39,18,75,4,49,22
Frozen,89,70,35,0,15,14,5
Frozen,2,78,43,33,9,70,3
Frozen,81,76,2,0,23,11,83
Frozen,75,59,69,3,21,0,10
Frozen,96,0,69,24,6,76,11
Frozen,12,55,42,0,91,14,10
Frozen,77,81,0,17,53,23,3
Frozen,99,73,0,75,0,57,8
Frozen,54,37,29,2,7,2,4
Frozen,77,78,6,23,64,3,6
Frozen,34,76,64,1,2,0,72
Frozen,1,84,3,10,60,81,69
Frozen,17,46,46,3,9,3,32
Frozen,90,76,64,0,51,5,3
Frozen,56,76,80,0,92,1,73
Frozen,67,74,0,3,26,7,0
Frozen,14,78,41,1,26,30,2
Frozen,96,81,38,51,10,13,1
Frozen,9,66,4,7,25,52,0
Frozen,42,21,39,60,44,11,1
Frozen,6,66,24,10,87,2,9
Frozen,75,72,19,26,1,3,12
Frozen,86,37,64,66,50,43,0
Frozen,7,33,7,60,8,2,3
Frozen,90,62,41,2,44,18,3
Frozen,92,70,30,8,8,18,3
Frozen,67,4,39,73,63,29,82
Frozen,75,77,0,7,25,4,8
Frozen,85,65,8,15,14,97,0
Frozen,75,59,3,1,4,16,5
Frozen,1,0,40,1,5,19,76
Frozen,77,21,94,0,75,4,6
Frozen,6,69,32,0,72,80,13
Frozen,16,61,50,21,38,43,76
Frozen,99,99,0,22,88,0,91
Frozen,63,98,35,0,12,3,2
Frozen,30,96,9,7,2,5,1
Frozen,35,94,14,62,23,54,9
Frozen,74,63,1,8,43,1,5
Frozen,6,93,1,10,59,6,6
Frozen,77,62,41,3,10,99,92
Frozen,44,7,29,48,22,12,15
Frozen,98,99,49,27,21,11,5
Frozen,93,54,24,22,13,10,10
Frozen,40,52,84,1,3,2,7
Frozen,75,21,97,29,0,17,0
Frozen,64,58,7,0,44,24,5
Frozen,3,94,0,2,17,4,71
Frozen,43,59,66,0,14,60,0
Frozen,75,99,7,7,23,42,3
Frozen,59,21,33,31,0,13,37
Frozen,33,0,64,22,86,10,32
Frozen,75,71,33,44,9,14,4
Frozen,38,73,1,37,17,71,3
Frozen,74,31,20,96,13,23,0
Frozen,22,25,70,1,5,13,14
Frozen,90,58,59,30,28,8,0
Frozen,78,4,1,47,6,0,2
Frozen,63,90,0,8,27,3,0
Frozen,42,94,28,2,27,7,33
Frozen,81,73,66,24,71,16,74
Frozen,75,98,19,15,4,31,22
Frozen,75,72,13,3,46,36,1
Frozen,8,77,5,7,10,0,2
Frozen,51,98,64,1,21,10,14
Frozen,0,76,64,2,43,97,15
Frozen,0,99,44,14,98,0,32
Frozen,99,47,17,86,2,19,5
Frozen,70,28,54,17,33,12,11
Frozen,95,91,3,19,69,45,3
Frozen,7,90,3,6,32,2,17
Frozen,0,61,42,1,40,11,2
Frozen,94,12,27,79,5,94,2
Frozen,75,20,24,3,73,14,35
Frozen,75,73,25,8,9,38,6
Frozen,75,98,0,0,47,5,3
Frozen,8,2,4,34,57,61,87
Frozen,73,29,35,57,8,40,3
Frozen,0,2,67,96,2,12,17
Frozen,11,1,45,66,52,5,7
Frozen,96,31,63,2,2,5,8
Frozen,96,0,48,59,0,24,0
Frozen,81,72,9,0,0,0,1
Frozen,62,44,36,57,94,1,10
Frozen,91,94,20,94,51,15,0
Frozen,12,73,44,75,63,23,0
Frozen,12,98,22,23,62,17,87
Frozen,87,98,35,13,4,38,0
Frozen,27,98,25,47,19,11,11
Frozen,97,53,86,60,0,0,4
Frozen,3,79,9,1,90,3,71
Frozen,9,96,25,9,2,9,69
Frozen,90,74,9,12,13,98,0
Frozen,98,46,93,4,14,40,4
Frozen,77,64,45,2,11,98,1
Frozen,32,99,65,1,87,26,4
Frozen,8,2,5,23,20,1,88
Frozen,86,29,24,99,7,2,3
Frozen,39,99,27,6,92,1,7
Frozen,43,21,84,1,16,7,15
Frozen,75,63,45,79,24,43,1
Frozen,74,61,4,1,36,27,6
Frozen,75,49,0,6,59,0,7
Frozen,92,42,12,28,14,17,0
Frozen,26,96,16,56,54,12,1
Frozen,96,44,61,2,4,5,0
Frozen,58,0,3,59,1,49,91
Frozen,25,99,66,23,90,28,0
Frozen,47,15,67,1,4,9,26
Frozen,99,98,83,57,20,4,35
Frozen,98,81,55,5,47,37,3
Frozen,98,61,83,57,33,1,2
Frozen,48,95,79,1,6,0,75
Frozen,68,14,2,74,1,7,30
Frozen,40,5,67,1,12,28,1
Frozen,3,41,3,0,3,3,26
Frozen,90,10,10,89,1,8,5
Frozen,54,91,0,8,63,27,5
Frozen,99,97,86,22,83,7,0
Frozen,78,92,4,1,17,53,7
Frozen,31,71,21,98,7,96,3
Frozen,1,78,67,0,12,13,82
Frozen,99,95,90,59,20,10,65
Frozen,60,96,51,1,88,4,26
Frozen,76,88,5,14,52,2,19
Frozen,80,99,67,22,5,5,80
Frozen,17,59,60,75,1,13,98
Frozen,23,81,70,0,90,14,4
Frozen,57,60,0,1,57,84,3
Frozen,51,85,55,6,3,9,20
Frozen,12,88,36,12,53,8,9
Frozen,98,19,10,91,1,4,8
Frozen,82,94,40,13,4,97,95
Frozen,51,7,86,1,4,9,14
Frozen,8,70,27,1,16,15,0
Frozen,75,48,22,1,62,12,18
Frozen,47,21,83,2,14,10,4
Frozen,6,81,4,9,8,2,0
Frozen,1,58,45,0,0,99,1
Frozen,63,45,16,4,35,11,17
Frozen,92,73,65,29,3,16,77
Frozen,66,21,72,82,53,28,5
Frozen,97,28,13,99,17,37,11
Frozen,86,72,23,85,15,7,5
Frozen,1,79,5,1,0,48,6
Frozen,33,0,65,21,3,79,34
Frozen,43,5,7,75,0,0,12
Frozen,77,90,23,28,6,13,9
Frozen,16,72,23,0,34,98,0
Frozen,12,87,35,20,52,11,9
Frozen,88,86,83,11,37,2,3
Frozen,68,41,54,1,33,40,4
Frozen,9,66,60,74,0,0,2
Frozen,19,44,63,42,14,11,2
Frozen,75,0,83,3,70,3,32
Frozen,99,29,9,95,98,4,5
Frozen,94,21,21,78,58,12,3
Frozen,54,81,2,4,4,8,97
Frozen,38,95,29,10,73,27,11
Frozen,11,76,2,8,0,29,3
Frozen,99,91,97,77,1,0,96
Frozen,21,71,3,0,61,64,70
Frozen,2,78,5,1,25,4,14
Frozen,75,87,19,42,0,17,9
Frozen,63,5,49,78,67,1,2
Frozen,79,95,11,22,48,6,32
Frozen,2,76,7,7,51,3,6
Frozen,5,92,2,10,0,31,26
Frozen,33,0,67,0,6,0,0
Frozen,35,63,26,2,21,17,5
Frozen,82,60,56,60,24,11,7
Frozen,5,99,5,20,1,31,16
Frozen,3,60,40,2,59,32,0
Frozen,12,21,93,2,66,1,6
Frozen,1,99,62,2,61,15,24
Frozen,10,61,90,76,5,47,2
Frozen,41,96,70,23,3,8,28
Frozen,14,79,13,2,19,70,16
Frozen,40,78,57,83,4,99,97
Frozen,64,97,15,9,76,24,5
Frozen,92,46,35,11,1,0,15
Frozen,75,87,1,0,55,0,11
Frozen,39,43,15,0,3,84,1
Frozen,32,36,79,0,77,0,0
Frozen,32,5,8,67,51,24,0
Frozen,93,73,66,21,2,12,45
Frozen,77,0,8,50,24,21,27
Frozen,98,21,72,54,23,18,8
Frozen,52,94,25,11,0,26,31
Frozen,75,60,12,12,40,2,10
Frozen,11,5,61,1,5,13,79
Frozen,3,99,0,16,65,91,96
Frozen,65,47,85,0,2,5,75
Frozen,68,96,69,23,11,0,10
Frozen,94,75,0,0,1,78,0
Frozen,99,35,3,0,2,0,3
Frozen,23,79,0,0,34,17,2
Frozen,0,23,22,1,36,96,0
Frozen,75,5,71,67,0,18,1
Frozen,8,79,7,0,14,99,1
Frozen,57,59,0,0,15,30,1
Frozen,54,43,4,14,58,63,5
Frozen,73,21,90,0,4,52,23
Frozen,0,96,29,58,26,8,1
Hakuna,75,56,45,3,46,51,2
Hakuna,75,81,28,38,74,65,20
Hakuna,86,38,59,6,45,1,10
Hakuna,77,25,27,46,18,3,73
Hakuna,76,39,20,2,61,23,52
Hakuna,73,61,25,0,19,52,2
Hakuna,75,91,67,22,58,98,0
Hakuna,69,89,20,2,21,13,39
Hakuna,98,70,19,0,51,11,18
Hakuna,85,90,18,19,72,18,34
Hakuna,0,99,31,43,12,14,0
Hakuna,19,0,0,52,14,49,92
Hakuna,86,9,15,71,0,11,37
Hakuna,38,98,25,26,79,24,0
Hakuna,32,39,30,2,5,16,2
Hakuna,42,99,15,24,77,33,3
Hakuna,98,87,28,8,28,55,11
Hakuna,75,44,21,5,38,63,20
Hakuna,61,99,4,44,16,26,63
Hakuna,76,99,3,33,0,12,26
Hakuna,20,63,58,20,64,15,5
Hakuna,49,71,0,5,45,7,2
Hakuna,36,60,56,44,15,17,0
Hakuna,29,99,31,4,45,17,7
Hakuna,69,58,32,57,33,31,2
Hakuna,69,80,65,0,57,13,82
Hakuna,61,80,14,4,8,2,7
Hakuna,74,97,29,12,75,3,96
Hakuna,97,44,15,54,33,97,1
Hakuna,92,82,11,5,2,0,4
Hakuna,76,45,2,0,55,19,52
Hakuna,13,99,25,7,3,0,5
Hakuna,74,99,18,6,58,24,98
Hakuna,99,45,15,4,35,99,1
Hakuna,39,70,30,59,14,1,0
Hakuna,75,37,26,5,1,58,21
Hakuna,2,98,4,5,2,37,9
Hakuna,31,56,20,20,59,21,5
Hakuna,98,64,46,3,88,0,5
Hakuna,97,85,79,4,33,1,2
Hakuna,16,46,2,4,2,25,5
Hakuna,99,93,20,2,1,32,8
Hakuna,76,46,4,10,0,0,3
Hakuna,25,80,52,23,1,45,9
Hakuna,77,94,25,48,22,5,0
Hakuna,94,97,17,2,20,15,92
Hakuna,30,67,0,24,35,91,3
Hakuna,27,21,61,46,39,14,93
Hakuna,64,41,12,0,1,5,47
Hakuna,0,83,23,1,19,1,3
Hakuna,53,44,1,0,4,37,0
Hakuna,1,78,69,2,61,13,82
Hakuna,85,38,1,55,62,1,13
Hakuna,77,35,42,47,22,0,77
Hakuna,96,99,16,5,1,37,33
Hakuna,77,75,22,3,1,74,69
Hakuna,93,99,25,11,5,7,69
Hakuna,90,95,16,1,77,2,3
Hakuna,74,95,34,16,79,26,86
Hakuna,56,93,15,4,1,0,1
Hakuna,36,42,12,66,85,1,3
Hakuna,5,69,85,57,2,17,9
Hakuna,67,86,10,8,25,21,0
Hakuna,0,93,9,3,8,3,9
Hakuna,75,35,56,40,73,11,7
Hakuna,63,86,26,1,29,1,2
Hakuna,97,37,23,0,55,33,26
Hakuna,75,89,14,8,87,2,8
Hakuna,80,8,47,58,35,23,5
Hakuna,75,97,34,8,0,23,36
Hakuna,74,36,38,16,77,0,0
Hakuna,2,42,0,55,9,18,9
Hakuna,64,58,4,83,0,1,9
Hakuna,96,88,8,99,0,18,25
Hakuna,0,99,10,2,85,4,0
Hakuna,81,8,31,72,60,38,0
Hakuna,75,42,14,8,64,2,14
Hakuna,46,99,16,23,2,77,0
Hakuna,77,21,18,9,2,2,3
Hakuna,95,29,75,99,6,0,6
Hakuna,77,62,63,53,24,46,24
Hakuna,71,30,39,59,0,21,1
Hakuna,98,39,63,0,2,34,0
Hakuna,57,94,9,3,20,42,6
Hakuna,94,47,29,0,49,77,0
Hakuna,75,37,10,4,69,0,4
Hakuna,41,98,2,8,58,8,33
Hakuna,77,71,58,19,17,2,0
Hakuna,3,93,7,0,5,49,71
Hakuna,87,18,3,59,1,74,8
Hakuna,9,35,18,8,10,6,2
Hakuna,50,0,20,26,4,45,7
Hakuna,98,99,23,3,2,2,7
Hakuna,61,96,54,67,18,9,64
Hakuna,86,71,24,13,6,12,23
Hakuna,90,47,44,2,62,30,0
Hakuna,77,20,39,91,3,1,16
Hakuna,77,97,19,4,26,18,30
Hakuna,77,68,44,3,0,20,8
Hakuna,44,38,57,5,7,0,0
Hakuna,99,94,0,82,86,29,21
Hakuna,75,65,7,0,56,51,76
Hakuna,33,82,43,13,4,20,34
Hakuna,40,52,25,3,0,22,2
Hakuna,75,91,16,11,60,34,2
Hakuna,77,75,27,7,48,99,0
Hakuna,97,30,23,6,73,1,19
Hakuna,71,72,22,9,30,1,0
Hakuna,74,21,10,91,4,8,27
Hakuna,77,36,78,64,0,0,33
Hakuna,75,42,72,10,99,6,12
Hakuna,76,39,64,9,16,2,15
Hakuna,77,22,19,50,32,0,4
Hakuna,73,73,21,7,6,84,0
Hakuna,75,99,0,0,0,15,11
Hakuna,95,73,5,46,21,9,2
Hakuna,16,31,66,72,7,8,0
Hakuna,87,20,54,56,30,0,23
Hakuna,96,99,21,28,0,30,27
Hakuna,19,42,13,3,35,4,13
Hakuna,90,40,28,9,7,41,4
Hakuna,77,47,40,66,12,46,2
Hakuna,60,99,2,0,78,1,0
Hakuna,24,99,18,25,2,13,0
Hakuna,28,0,61,55,2,49,98
Hakuna,2,99,15,22,86,24,10
Hakuna,65,0,13,46,18,28,1
Hakuna,86,98,18,0,67,30,61
Hakuna,80,99,17,6,97,7,8
Hakuna,3,37,17,26,36,64,28
Hakuna,0,38,10,1,53,99,0
Hakuna,14,43,33,0,41,88,0
Hakuna,41,46,70,6,41,6,8
Hakuna,0,64,1,28,4,64,0
Hakuna,22,47,21,75,41,0,6
Hakuna,26,99,2,4,1,45,9
Hakuna,39,28,25,15,9,19,6
Hakuna,75,41,2,6,0,7,9
Hakuna,18,97,22,10,5,27,69
Hakuna,62,41,2,9,28,2,1
Hakuna,26,43,1,0,59,17,51
Hakuna,57,71,65,5,96,2,65
Hakuna,2,46,63,0,57,34,46
Hakuna,64,16,17,60,39,4,23
Hakuna,0,21,62,82,23,60,19
Hakuna,99,42,35,51,82,0,0
Hakuna,75,46,70,9,21,67,24
Hakuna,21,73,11,45,19,52,32
Hakuna,68,89,20,11,2,32,5
Hakuna,93,90,14,44,21,43,0
Hakuna,48,99,15,10,1,4,69
Hakuna,18,89,60,82,37,73,9
Hakuna,75,97,23,21,1,1,36
Hakuna,96,96,0,39,10,15,13
Hakuna,98,73,9,37,58,63,10
Hakuna,47,65,89,3,39,0,15
Hakuna,81,99,20,6,3,6,22
Hakuna,98,40,8,3,56,40,4
Hakuna,78,47,25,8,9,39,0
Hakuna,9,86,39,1,31,42,3
Hakuna,5,88,2,12,1,59,2
Hakuna,95,44,6,43,15,16,1
Hakuna,96,73,8,49,0,0,0
Hakuna,10,80,70,0,84,0,6
Hakuna,70,49,0,9,39,1,25
Hakuna,77,44,71,9,31,5,4
Hakuna,74,29,31,68,2,9,76
Hakuna,96,31,17,53,43,15,0
Hakuna,41,70,16,5,53,57,18
Hakuna,99,74,25,9,55,1,87
Hakuna,69,39,36,63,32,16,97
Hakuna,77,60,79,1,7,98,0
Hakuna,50,45,95,76,0,8,24
Hakuna,52,82,14,4,0,39,4
Hakuna,2,71,0,34,54,10,5
Hakuna,98,65,6,50,40,1,95
Hakuna,75,99,19,23,0,11,10
Hakuna,26,56,92,0,50,27,0
Hakuna,90,43,13,1,43,2,13
Hakuna,71,92,24,18,73,0,34
Hakuna,1,95,95,0,49,95,14
Hakuna,76,21,61,45,4,3,47
Hakuna,22,63,43,2,65,3,4
Hakuna,77,67,48,1,9,66,4
Hakuna,96,47,76,4,10,39,2
Hakuna,74,94,16,8,2,50,84
Hakuna,1,36,18,0,22,3,13
Hakuna,75,51,28,4,18,15,8
Hakuna,49,32,69,52,29,2,7
Hakuna,20,4,11,1,26,92,92
Hakuna,67,21,62,44,23,41,14
Hakuna,99,81,84,16,33,2,0
Hakuna,58,43,39,73,6,5,0
Hakuna,99,35,17,43,15,16,0
Hakuna,99,94,44,10,92,2,18
Hakuna,96,40,52,52,28,16,98
Hakuna,72,75,24,5,37,26,65
Hakuna,0,45,46,0,83,56,46
Hakuna,97,61,81,63,0,1,81
Hakuna,86,94,25,7,92,11,3
Hakuna,50,45,54,5,42,10,2
Hakuna,86,44,18,5,29,93,3
Hakuna,85,89,43,76,27,40,0
Hakuna,82,3,41,54,33,1,4
Hakuna,95,37,18,0,0,96,0
Hakuna,33,52,27,0,78,94,5
Hakuna,94,44,41,34,40,15,0
Hakuna,71,76,22,8,34,59,0
Hakuna,98,54,29,0,56,1,1
Hakuna,69,88,3,3,37,0,10
Hakuna,22,60,36,95,4,99,2
Hakuna,58,21,47,84,28,9,0
Hakuna,75,94,36,13,77,39,7
Hakuna,97,39,22,7,7,33,1
Hakuna,16,99,67,0,22,27,32
Hakuna,50,68,89,8,5,4,18
Hakuna,57,20,13,70,55,2,0
Hakuna,96,73,20,47,6,1,3
Hakuna,36,45,18,81,0,19,1
Hakuna,96,96,20,21,0,1,55
Hakuna,52,97,2,5,5,16,46
Hakuna,14,93,13,24,42,24,26
Hakuna,50,69,6,3,2,0,3
Hakuna,97,31,15,0,32,0,14
Hakuna,3,91,24,4,0,36,0
Hakuna,30,1,4,58,38,8,6
Hakuna,75,50,94,0,7,5,19
Hakuna,59,99,2,1,85,0,0
Hakuna,65,69,11,2,27,3,58
Hakuna,88,72,21,5,2,47,5
Hakuna,58,21,57,60,0,62,33
Hakuna,23,64,46,2,44,78,0
Hakuna,85,90,10,79,32,32,7
Hakuna,68,73,4,5,79,1,94
Hakuna,94,73,1,49,22,65,1
Hakuna,43,98,38,0,39,7,7
Hakuna,18,31,26,38,6,4,97
Hakuna,9,1,7,45,21,49,9
Hakuna,15,0,49,32,67,28,1
Hakuna,61,95,9,3,88,1,1
Hakuna,6,98,14,22,1,0,9
Hakuna,0,47,17,2,49,23,3
Hakuna,98,1,39,46,2,29,62
Hakuna,98,87,0,0,8,1,2
Hakuna,75,38,7,5,51,4,0
Hakuna,94,47,46,65,48,9,83
Hakuna,44,94,22,7,4,14,14
Hakuna,97,10,15,82,0,40,10
Hakuna,93,98,14,4,16,17,10
Hakuna,97,43,1,9,1,98,1
Hakuna,97,61,79,56,27,1,81
Hakuna,75,97,10,1,2,24,21
Hakuna,40,97,15,1,16,1,10
Hakuna,84,99,6,16,15,12,3
Hakuna,2,20,44,52,29,14,62
Hakuna,24,0,79,43,13,0,9
Hakuna,77,1,9,46,5,27,29
Hakuna,15,48,23,7,41,1,15
Hakuna,93,98,29,23,9,1,76
Hakuna,68,78,6,8,20,0,0
Hakuna,14,53,42,1,14,1,5
Hakuna,96,40,98,3,27,40,4
Hakuna,95,43,2,19,7,98,0
Hakuna,58,79,70,50,14,37,85
Hakuna,38,27,72,85,75,67,8
Hakuna,94,44,18,9,35,15,0
Hakuna,76,97,26,1,98,8,96
Hakuna,54,97,13,5,0,20,0
Hakuna,90,38,5,4,7,5,10
Hakuna,88,99,16,5,17,4,24
Hakuna,77,41,11,40,34,0,4
Hakuna,91,39,17,7,0,0,95
Hakuna,76,36,3,1,46,22,47
Hakuna,3,60,51,0,12,15,55
Hakuna,87,69,70,63,6,14,3
Hakuna,75,46,9,87,39,31,4
Hakuna,85,16,19,96,21,1,55
Hakuna,3,95,19,25,48,26,99
Hakuna,76,46,1,5,26,11,0
Hakuna,75,99,28,9,19,19,7
Hakuna,3,62,92,2,84,74,8
Hakuna,0,1,54,41,11,19,16
Hakuna,53,21,26,53,22,0,33
Hakuna,99,89,61,38,39,11,3
Hakuna,0,44,2,56,9,18,18
Hakuna,77,99,17,5,18,3,11
Hakuna,57,99,0,5,62,0,69
Hakuna,61,96,98,0,79,70,3
Hakuna,1,78,67,0,61,91,82
Hakuna,9,71,60,7,36,12,0
Hakuna,75,50,89,0,28,9,0
Hakuna,77,44,55,5,50,1,12
Hakuna,25,85,7,6,4,2,90
Hakuna,84,37,4,6,57,7,0
Hakuna,59,66,50,52,29,54,3
Hakuna,98,31,15,0,50,0,4
Hakuna,56,90,22,1,28,2,0
Hakuna,21,96,11,1,9,0,9
Hakuna,21,64,37,66,8,3,89
Hakuna,84,42,12,32,42,13,9
Hakuna,23,45,43,72,0,37,4
Hakuna,47,15,22,15,9,12,5
Hakuna,64,30,5,0,1,6,47
Hakuna,99,47,20,7,19,68,25
Hakuna,41,58,29,57,59,34,2
Hakuna,71,53,29,5,4,6,1
Hakuna,48,60,28,0,57,18,5
Hakuna,11,65,47,0,3,0,0
Hakuna,63,99,18,6,77,22,1
Hakuna,90,97,5,3,86,3,4
Hakuna,76,42,4,1,26,14,9
Hakuna,26,6,16,33,52,11,7
Hakuna,47,40,10,2,45,0,18
Hakuna,77,45,75,9,38,2,3
Hakuna,85,91,68,0,26,41,14
Hakuna,75,31,0,1,25,2,6
Hakuna,16,9,83,45,16,3,0
Hakuna,98,70,88,9,45,58,23
Hakuna,77,99,16,18,53,18,99
Hakuna,74,41,10,3,44,5,0
Hakuna,75,49,30,61,30,35,0
Hakuna,33,45,24,5,33,42,72
Hakuna,94,40,8,70,10,0,6
Hakuna,73,1,89,60,40,12,7
Hakuna,32,28,69,66,51,61,7
Hakuna,5,68,51,7,42,9,3
Hakuna,56,43,66,4,0,4,72
Hakuna,75,99,11,2,2,14,85
Hakuna,54,96,0,0,5,13,1
Hakuna,75,51,1,0,87,6,5
Hakuna,74,10,3,56,0,3,53
Hakuna,93,88,83,14,33,3,0
Hakuna,97,61,2,2,29,7,57
Hakuna,46,40,99,0,27,1,4
Hakuna,64,57,4,86,0,14,39
Hakuna,77,40,0,74,17,5,7
Hakuna,86,99,22,7,3,4,7
Hakuna,46,14,0,60,41,9,7
Hakuna,74,85,15,6,59,12,36
Hakuna,79,19,73,49,3,51,0
Hakuna,95,47,93,1,19,4,0
Hakuna,66,43,7,3,1,3,1
Hakuna,92,31,4,61,0,74,8
Hakuna,27,96,0,3,1,24,1
Hakuna,29,91,0,18,59,93,3
Hakuna,77,99,0,3,61,5,24
Hakuna,2,37,15,63,22,6,10
Hakuna,1,40,67,0,61,16,82
Hakuna,80,98,16,4,38,0,13
Hakuna,4,73,60,3,80,16,1
Hakuna,1,7,5,15,62,71,87
Hakuna,99,37,18,61,0,2,3
Hakuna,85,43,14,10,7,92,84
Hakuna,40,0,6,0,44,0,92
Hakuna,20,34,1,0,2,91,0
Hakuna,94,31,19,50,43,15,72
Hakuna,64,21,65,87,1,2,4
Hakuna,74,97,28,11,0,29,96
Hakuna,74,3,36,56,35,3,5
Hakuna,97,47,44,75,0,25,73
Hakuna,95,91,22,7,7,1,6
Hakuna,37,95,4,26,79,10,0
Hakuna,49,98,12,3,26,12,6
Hakuna,77,16,57,49,21,10,5
Hakuna,75,37,2,0,13,56,15
Hakuna,2,96,9,2,85,0,2
Hakuna,16,60,0,3,49,82,0
Hakuna,3,96,16,0,23,66,15
Hakuna,96,72,12,0,3,22,0
Hakuna,38,77,17,5,70,6,10
Hakuna,74,35,95,89,33,4,1
Hakuna,76,47,76,49,23,40,1
Hakuna,43,91,3,14,11,0,6
Hakuna,71,40,21,94,1,3,66
Hakuna,3,44,3,1,16,0,2
Hakuna,38,15,61,58,23,5,6
Hakuna,88,81,6,2,3,67,11
Hakuna,75,90,45,99,1,5,26
Hakuna,78,91,24,2,35,18,23
Hakuna,50,98,14,5,49,6,96
Hakuna,72,99,18,8,7,19,11
Hakuna,97,97,24,47,64,56,3
Hakuna,55,47,16,9,82,3,34
Hakuna,16,98,24,21,19,3,17
Hakuna,57,50,83,1,52,99,28
Hakuna,98,49,14,4,29,12,56
Hakuna,45,40,5,47,0,0,62
Hakuna,98,46,38,3,56,82,0
Hakuna,37,51,19,1,90,2,8
Hakuna,94,73,19,49,10,3,0
Hakuna,76,85,17,6,57,12,28
Hakuna,52,87,5,9,0,0,0
Hakuna,2,47,20,6,19,1,0
Hakuna,75,86,21,27,1,9,10
Hakuna,14,76,5,6,27,29,0
Hakuna,46,40,10,2,0,22,1
Hakuna,36,52,92,2,49,71,2
Hakuna,86,93,27,38,7,69,0
Hakuna,59,57,50,0,32,43,9
Hakuna,76,50,1,0,57,5,2
Hakuna,8,37,6,73,38,25,35
Hakuna,98,97,30,50,15,1,95
Hakuna,1,99,14,3,29,4,12
Hakuna,92,96,22,11,76,13,69
Hakuna,20,99,17,84,0,15,39
Hakuna,0,59,80,1,29,0,2
Hakuna,0,75,19,7,23,0,87
Hakuna,64,96,0,3,2,41,4
Hakuna,25,65,15,5,60,18,7
Hakuna,76,49,22,10,14,4,18
Hakuna,67,1,0,46,7,8,17
Hakuna,97,80,0,0,0,72,0
Hakuna,3,36,16,1,6,87,86
Hakuna,0,0,53,9,77,17,1
Hakuna,2,34,62,45,84,91,0
Hakuna,57,46,32,48,21,49,5
Hakuna,99,76,16,0,38,65,1
Hakuna,90,95,18,21,2,17,75
Hakuna,64,68,17,0,37,3,14
Hakuna,8,72,62,11,76,30,0
Hakuna,75,42,5,5,6,77,77
Hakuna,91,46,29,9,22,23,4
Hakuna,75,90,85,10,20,18,10
Hakuna,63,99,2,6,94,2,0
Hakuna,56,42,46,85,60,22,1
Hakuna,26,42,14,3,44,0,5
Hakuna,12,48,21,7,33,91,14
Hakuna,91,53,29,1,6,7,0
Hakuna,43,0,10,50,36,8,18
Hakuna,84,37,15,62,7,76,0
Hakuna,48,5,2,98,0,1,6
Hakuna,73,96,98,54,1,1,0
Hakuna,56,41,17,74,47,15,0
Hakuna,98,97,49,4,14,1,0
Hakuna,73,42,16,5,2,0,0
Hakuna,86,83,8,9,19,32,0
Hakuna,99,73,11,47,1,0,9
Hakuna,95,77,74,15,36,1,2
Hakuna,73,30,6,99,2,17,12
Hakuna,92,52,27,6,0,21,1
Hakuna,9,46,79,7,6,53,32
Hakuna,71,92,17,20,75,11,37
Hakuna,52,95,30,5,1,48,0
Hakuna,93,67,67,10,32,0,2
Hakuna,92,99,8,19,10,41,35
Hakuna,75,87,80,0,37,28,13
Hakuna,65,97,5,1,13,1,17
Hakuna,46,96,16,5,23,5,16
Hakuna,75,41,11,3,6,13,2
Hakuna,99,1,20,86,17,35,7
Hakuna,96,74,8,37,58,37,16
Hakuna,95,29,48,0,99,1,14
Hakuna,1,0,42,2,30,96,92
Hakuna,1,88,5,0,80,2,9
Hakuna,71,82,15,19,74,16,19
Hakuna,74,20,6,54,66,0,5
Hakuna,3,31,26,49,22,8,97
Hakuna,7,63,94,2,63,74,8
Hakuna,84,98,5,1,71,26,4
Hakuna,99,88,63,36,41,0,2
Hakuna,87,4,18,52,41,12,7
Hakuna,95,83,17,62,4,94,0
Hakuna,96,97,0,47,60,39,0
Hakuna,97,85,85,6,49,56,2
Hakuna,99,67,5,84,0,7,38
Hakuna,58,75,31,2,48,99,1
Hakuna,50,99,15,6,2,19,6
Hakuna,26,98,19,6,57,60,6
Hakuna,99,46,18,28,27,10,56
Hakuna,99,47,77,0,34,11,0
Hakuna,59,35,53,0,20,1,9
Hakuna,9,34,16,45,75,84,0
Hakuna,86,80,84,16,35,2,2
Hakuna,90,36,16,15,17,28,0
Hakuna,87,47,28,9,3,24,3
Hakuna,75,58,46,0,38,43,2
Hakuna,97,56,34,64,48,60,0
Hakuna,97,47,13,41,19,99,1
Hakuna,99,98,16,22,3,30,28
Hakuna,48,41,11,0,40,0,3
Hakuna,20,99,17,49,8,16,38
Hakuna,95,71,18,6,75,0,11
Hakuna,41,99,20,9,56,7,30
Hakuna,77,47,41,56,11,45,15
Hakuna,78,46,31,10,11,76,4
Hakuna,0,45,79,6,7,22,32
Hakuna,75,58,55,1,45,42,9
Hakuna,76,97,14,4,43,5,31
Hakuna,7,55,16,0,32,66,0
Hakuna,4,98,24,22,69,89,5
Hakuna,75,65,21,0,26,71,0
Hakuna,75,21,2,96,5,11,26
Hakuna,61,99,85,3,24,69,2
Hakuna,1,85,30,9,62,0,87
Hakuna,16,45,10,47,43,0,32
Hakuna,57,95,8,1,77,31,6
Hakuna,65,36,56,5,1,4,0
Hakuna,64,73,72,99,76,7,9
Hakuna,41,99,4,16,15,15,6
Hakuna,76,54,29,0,19,49,85
Hakuna,95,35,4,2,0,98,0
Hakuna,62,99,14,0,8,14,27
Hakuna,74,34,19,3,86,4,1
Hakuna,86,33,48,52,28,56,3
Hakuna,64,99,14,8,98,3,1
Hakuna,67,74,23,3,0,26,69
Hakuna,94,1,2,79,23,21,1
Hakuna,58,74,27,5,52,99,1
Hakuna,94,89,68,63,39,0,6
Hakuna,49,64,92,2,43,0,8
Hakuna,75,99,17,22,1,6,8
Hakuna,99,77,26,8,31,17,3
Hakuna,33,81,32,13,3,7,29
Hakuna,0,1,69,43,13,14,17
Hakuna,74,56,1,0,19,35,14
Hakuna,77,58,3,53,94,65,40
Hakuna,6,82,13,0,58,0,3
Hakuna,95,42,34,50,81,2,5
Hakuna,38,67,19,1,17,0,8
Hakuna,76,45,22,7,39,59,2
Hakuna,65,21,38,45,17,16,37
Hakuna,84,64,14,5,2,29,40
Hakuna,74,93,13,3,18,13,7
Hakuna,1,70,82,65,0,0,99
Hakuna,55,41,17,52,45,0,0
Hakuna,43,43,1,52,28,23,62
Hakuna,31,1,3,48,26,0,0
Hakuna,94,96,31,44,16,0,8
Hakuna,65,86,17,0,18,0,18
Hakuna,82,64,3,75,2,19,1
Hakuna,3,94,4,10,0,18,17
Hakuna,15,7,43,49,24,0,14
Hakuna,40,98,4,1,71,22,14
Hakuna,6,99,11,0,22,19,1
Hakuna,97,82,27,10,73,16,97
Hakuna,72,41,81,15,10,95,2
Hakuna,47,41,13,12,37,14,1
Hakuna,80,63,22,71,11,23,29
Hakuna,75,86,57,8,58,24,2
Hakuna,90,4,9,86,0,73,22
Hakuna,0,45,17,12,17,82,86
Hakuna,75,96,43,2,18,0,3
Hakuna,76,43,13,12,1,52,2
Hakuna,90,42,12,5,4,3,0
Hakuna,99,35,1,0,60,19,5
Hakuna,99,71,20,87,1,22,70
Hakuna,75,50,24,84,2,63,16
Hakuna,84,20,74,50,0,38,42
Hakuna,95,96,18,2,18,7,11
Hakuna,75,64,90,45,3,8,7
Hakuna,3,67,80,1,58,39,14
Hakuna,94,46,19,56,2,28,39
Hakuna,96,52,1,10,4,0,23
Hakuna,79,99,19,8,2,85,13
Hakuna,75,94,4,0,65,22,18
Hakuna,4,64,94,3,38,0,8
Hakuna,75,40,61,54,34,2,1
Hakuna,47,45,2,3,1,99,9
Hakuna,95,79,4,1,5,21,3
Hakuna,24,75,27,49,12,29,4
Hakuna,61,87,44,45,0,1,4
Hakuna,97,37,14,52,8,6,3
Hakuna,94,47,33,66,1,13,8
Hakuna,50,69,51,1,5,0,5
Hakuna,62,21,64,79,0,3,4
Hakuna,75,31,0,76,10,3,5
Hakuna,61,98,95,6,73,31,1
Hakuna,77,58,6,49,18,54,3
Hakuna,35,95,24,8,29,8,0
Hakuna,99,35,1,0,60,19,5
Hakuna,6,77,6,6,33,44,6
Hakuna,77,91,19,6,16,2,9
Hakuna,75,42,10,0,97,0,5
Hakuna,57,97,93,6,86,0,69
Hakuna,69,87,2,1,19,2,54
Hakuna,77,5,4,45,18,34,19
Hakuna,92,30,42,98,3,92,7
Hakuna,74,99,29,41,8,1,28
Hakuna,99,99,11,3,7,2,0
Hakuna,95,74,17,0,0,0,0
Hakuna,18,45,19,83,2,97,0
Hakuna,20,0,33,87,15,33,7
Hakuna,5,38,5,0,33,66,5
Hakuna,98,52,3,7,16,8,84
Hakuna,99,32,67,44,15,19,63
Hakuna,99,98,2,0,61,0,15
Hakuna,93,99,21,24,68,2,76
Hakuna,62,98,17,27,77,11,0
Hakuna,27,47,39,80,0,27,8
Hakuna,72,47,67,31,9,35,1
Hakuna,76,46,84,6,43,0,5
Hakuna,28,99,21,8,3,12,18
Hakuna,1,43,5,2,22,89,80
Hakuna,98,88,84,8,21,99,4
Hakuna,74,85,53,3,70,13,6
Hakuna,74,20,80,56,32,0,74
Hakuna,99,35,72,2,93,2,4
Hakuna,93,86,95,58,19,25,4
Hakuna,60,49,21,1,89,4,8
Hakuna,80,86,16,25,1,13,9
Hakuna,75,89,40,13,5,27,5
Hakuna,96,74,74,0,12,7,2
Hakuna,5,95,20,26,42,26,85
Hakuna,65,99,17,5,2,26,32
Hakuna,46,81,1,23,0,20,99
Hakuna,97,99,2,17,93,5,4
Hakuna,77,34,17,5,57,2,5
Hakuna,78,69,39,72,61,5,1
Hakuna,78,78,15,8,0,96,17
Hakuna,84,99,15,5,2,2,40
Hakuna,75,51,0,96,10,12,85
Hakuna,96,99,24,45,0,16,25
Hakuna,96,40,52,52,28,16,95
Hakuna,0,65,96,50,0,30,95
Hakuna,77,78,36,9,2,2,3
Hakuna,40,95,0,0,0,2,71
Hakuna,96,65,78,12,21,4,2
Hakuna,77,69,4,4,28,84,0
Hakuna,94,88,20,3,2,0,6
Hakuna,64,45,23,70,2,0,4
Hakuna,77,47,55,1,45,0,13
Hakuna,73,96,3,0,41,1,2
Hakuna,89,99,30,10,2,11,9
Hakuna,57,46,2,40,10,6,4
Hakuna,12,99,17,27,62,5,3
Hakuna,75,1,1,58,7,46,8
Hakuna,14,63,44,2,35,52,5
Hakuna,75,97,12,79,0,8,0
Hakuna,81,91,24,4,0,14,69
Hakuna,96,99,16,5,1,4,23
Hakuna,30,16,80,99,92,5,9
Hakuna,1,84,13,0,16,4,13
Hakuna,60,87,20,6,0,23,17
Hakuna,79,49,1,7,27,2,0
Hakuna,61,98,7,20,68,35,10
Hakuna,60,21,87,50,6,50,4
Hakuna,82,77,61,2,3,5,17
Hakuna,46,84,15,5,44,10,5
Hakuna,99,20,26,52,29,11,10
Hakuna,62,55,46,0,6,11,3
Hakuna,20,90,18,6,11,46,80
Hakuna,75,99,11,3,33,12,35
Hakuna,94,87,81,2,37,0,2
Hakuna,2,74,13,6,3,0,31
Hakuna,90,99,3,36,12,22,0
Hakuna,96,90,6,6,10,20,0
Hakuna,76,43,30,0,30,92,64
Hakuna,74,43,13,0,10,0,2
Hakuna,62,35,61,1,14,21,0
Hakuna,37,91,18,1,92,7,9
Hakuna,89,45,17,5,28,95,4
Hakuna,30,44,15,62,84,1,5
Hakuna,3,43,36,52,79,4,2
Hakuna,85,70,95,54,7,10,5
Hakuna,79,73,80,98,44,4,7
Hakuna,75,99,33,4,14,28,13
Hakuna,1,98,12,20,71,3,18
Hakuna,89,1,14,4,3,0,1
Hakuna,73,57,25,0,14,39,4
Hakuna,67,96,8,2,12,13,7
Hakuna,62,75,19,0,80,18,14
Hakuna,26,6,16,34,51,2,5
Hakuna,80,8,17,99,5,11,1
Hakuna,75,25,9,49,15,3,0
Hakuna,74,32,3,1,67,9,10
Hakuna,85,57,6,53,30,93,0
Hakuna,58,90,24,13,5,12,0
Hakuna,75,94,13,0,2,0,71
Hakuna,14,41,11,0,2,91,0
Hakuna,99,39,93,1,41,40,4
Hakuna,8,89,6,1,7,25,28
Hakuna,64,67,91,4,76,0,18
Hakuna,99,91,57,35,41,48,1
Hakuna,25,41,41,2,36,78,0
Hakuna,98,84,20,6,0,80,0
Hakuna,73,20,5,4,6,27,5
Hakuna,68,36,24,7,6,96,1
Hakuna,75,43,13,7,64,2,12
Hakuna,1,75,15,25,34,89,16
Hakuna,50,66,79,2,4,0,19
Hakuna,56,96,24,2,18,1,6
Hakuna,39,95,2,0,0,31,71
Hakuna,86,16,19,98,28,4,48
Hakuna,77,21,12,4,53,7,28
Hakuna,75,47,10,3,86,0,10
Hakuna,99,99,13,3,14,10,11
Hakuna,3,47,10,3,12,17,2
Hakuna,95,98,11,3,1,13,36
Hakuna,30,13,4,47,22,2,15
Hakuna,36,3,55,40,7,9,0
Hakuna,77,43,73,68,25,51,4
Hakuna,98,69,11,4,38,99,0
Hakuna,65,85,22,7,1,16,6
Hakuna,75,95,48,3,30,38,20
Hakuna,68,98,14,5,0,7,13
Hakuna,0,99,9,7,16,32,0
Hakuna,75,95,3,27,0,30,89
Hakuna,91,31,3,97,1,2,77
Hakuna,97,94,14,16,0,24,0
Hakuna,9,38,17,53,43,22,5
Hakuna,96,81,68,88,1,16,80
Hakuna,53,37,2,56,67,3,35
Hakuna,29,44,1,0,6,61,1
Hakuna,53,32,17,0,6,25,10
Hakuna,98,21,64,51,26,11,5
Hakuna,95,99,18,61,8,0,94
Hakuna,83,93,9,1,30,43,16
Hakuna,92,62,38,1,0,0,0
Hakuna,75,95,6,1,0,11,9
Hakuna,76,52,88,9,87,3,14
Hakuna,97,43,18,0,51,16,72
Hakuna,32,97,0,0,49,82,0
Hakuna,3,95,10,7,22,29,0
Hakuna,59,2,29,41,12,3,14
Hakuna,85,99,7,7,60,44,7
Hakuna,75,45,14,0,70,0,4
Hakuna,70,99,17,10,66,0,5
Hakuna,99,0,82,51,91,23,2
Hakuna,84,5,29,77,5,49,16
Hakuna,30,87,29,66,11,1,43
Hakuna,96,99,4,24,54,26,0
Hakuna,75,45,0,7,64,1,12
Hakuna,77,99,12,8,91,5,2
Hakuna,72,99,19,20,64,1,7
Hakuna,33,82,63,9,4,10,12
Hakuna,3,33,96,48,25,5,2
Hakuna,88,55,31,72,79,0,3
Hakuna,28,43,84,48,12,6,0
Hakuna,25,6,14,15,34,69,88
Hakuna,60,38,61,59,38,1,0
Hakuna,12,87,6,20,50,41,10
Hakuna,42,44,70,8,34,2,15
Hakuna,99,96,95,70,32,11,13
Hakuna,99,37,2,39,5,18,30
Hakuna,98,73,9,99,97,1,7
Hakuna,64,36,56,9,8,0,0
Hakuna,99,3,16,5,1,3,0
Hakuna,99,20,82,52,25,1,23
Hakuna,79,99,0,45,18,2,6
Hakuna,53,98,35,64,3,13,0
Hakuna,75,79,33,2,49,5,33
Hakuna,12,95,78,6,29,67,2
Hakuna,22,98,23,10,1,13,17
Hakuna,77,67,16,3,4,89,5
Hakuna,77,20,5,98,6,24,1
Hakuna,74,99,30,9,75,3,97
Hakuna,93,97,18,0,22,2,11
Hakuna,75,3,7,84,10,4,76
Hakuna,57,86,76,5,91,0,70
Hakuna,98,82,0,0,26,1,99
Hakuna,56,43,61,4,23,4,2
Hakuna,22,74,93,48,3,0,2
Hakuna,77,88,14,1,70,0,3
Hakuna,95,99,23,7,0,0,1
Hakuna,51,62,38,49,1,18,29
Hakuna,95,62,32,78,2,14,0
Hakuna,74,99,28,11,79,2,96
Hakuna,25,89,28,82,55,62,4
Hakuna,94,40,49,52,86,0,4
Hakuna,99,45,39,0,48,88,1
Hakuna,99,21,6,99,17,47,13
Hakuna,41,99,4,1,65,26,17
Hakuna,1,40,64,2,58,1,10
Hakuna,85,21,31,47,6,8,2
Hakuna,42,84,18,6,79,6,12
Hakuna,77,46,57,37,5,85,0
Hakuna,20,85,18,6,2,21,0
Hakuna,89,93,86,1,15,0,14
Hakuna,59,99,1,1,90,1,0
Hakuna,41,99,5,1,55,7,31
Hakuna,77,47,77,66,15,32,1
Hakuna,58,76,23,7,48,99,1
Hakuna,74,31,22,82,33,9,1
Hakuna,91,46,32,0,15,14,4
Hakuna,75,21,21,46,24,4,43
Hakuna,0,89,2,42,84,4,1
Hakuna,75,21,0,92,7,15,6
Hakuna,78,85,9,2,0,97,16
Hakuna,2,46,0,0,65,10,4
Hakuna,1,39,61,2,75,43,0
Hakuna,49,60,29,98,10,76,4
Hakuna,74,1,17,49,0,51,16
Hakuna,75,94,4,20,1,11,7
Hakuna,75,94,8,0,6,0,9
Hakuna,33,90,18,2,1,51,4
Hakuna,41,47,19,1,12,0,8
Hakuna,91,39,6,72,43,5,10
Hakuna,77,18,85,54,11,2,47
Hakuna,99,96,21,81,6,70,37
Hakuna,97,71,76,10,29,0,1
Hakuna,79,99,15,24,95,17,6
Hakuna,62,94,98,53,0,13,55
Hakuna,0,52,94,0,56,99,28
Hakuna,75,15,16,54,1,20,3
Hakuna,63,95,18,8,78,0,69
Hakuna,6,44,5,1,23,64,95
Hakuna,62,74,15,34,50,96,1
Hakuna,75,44,76,47,37,53,7
Hakuna,94,42,15,5,1,0,73
Hakuna,76,49,22,0,29,4,5
Hakuna,75,80,20,6,93,2,10
Hakuna,25,48,35,3,44,70,3
Hakuna,95,21,13,67,15,32,16
Hakuna,47,42,18,27,76,13,1
Hakuna,3,98,5,5,0,22,11
Hakuna,75,98,19,6,37,8,25
Hakuna,32,73,81,57,1,18,8
Hakuna,14,47,84,43,15,27,1
Hakuna,0,41,0,13,0,0,0
Hakuna,0,98,5,8,63,26,10
Hakuna,73,47,19,26,27,10,3
Hakuna,33,99,55,16,6,7,24
Hakuna,97,95,29,5,3,49,5
Hakuna,97,38,5,82,0,41,38
Hakuna,75,89,66,82,0,3,19
Hakuna,75,87,17,3,46,59,10
Hakuna,96,32,80,0,14,1,0
Hakuna,80,0,7,55,8,42,17
Hakuna,0,45,89,0,47,0,10
Hakuna,77,81,3,52,0,49,92
Hakuna,53,99,15,24,87,26,4
Hakuna,54,38,6,2,3,16,2
Hakuna,78,3,7,65,35,3,5
Hakuna,82,8,10,88,1,74,22
Hakuna,56,77,14,6,0,43,0
Hakuna,73,7,5,54,1,3,4
Hakuna,75,84,55,0,21,12,4
Hakuna,75,66,21,3,49,19,0
Hakuna,89,99,2,0,2,17,3
Potter,73,76,16,11,33,78,46
Potter,78,36,30,0,9,93,0
Potter,87,99,2,0,2,32,8
Potter,42,99,21,15,0,62,12
Potter,75,21,37,53,4,59,0
Potter,8,30,22,81,4,8,2
Potter,77,81,42,0,15,0,5
Potter,21,83,0,10,46,0,5
Potter,98,77,32,57,13,4,2
Potter,56,55,4,70,49,0,8
Potter,82,64,48,67,8,1,83
Potter,87,52,90,1,62,2,0
Potter,81,38,83,3,39,0,1
Potter,76,97,42,26,3,0,78
Potter,88,70,26,3,84,10,1
Potter,77,99,31,2,5,8,96
Potter,61,94,97,0,40,4,97
Potter,75,24,27,37,6,0,81
Potter,34,78,7,9,60,3,26
Potter,58,10,2,30,23,0,7
Potter,88,69,29,9,92,11,15
Potter,84,44,85,28,63,4,6
Potter,1,65,44,14,9,23,24
Potter,74,57,33,0,17,4,54
Potter,40,7,76,15,35,71,88
Potter,78,98,0,1,4,10,23
Potter,75,55,4,1,24,74,20
Potter,82,75,0,7,3,4,1
Potter,60,99,17,57,47,48,5
Potter,75,99,43,25,7,5,76
Potter,31,64,10,11,11,62,1
Potter,42,92,30,5,16,2,15
Potter,87,54,2,0,46,93,1
Potter,3,44,15,0,17,94,86
Potter,8,83,10,0,55,15,1
Potter,89,90,8,3,0,93,0
Potter,94,27,22,83,11,22,1
Potter,7,99,0,0,60,9,10
Potter,34,59,5,56,1,2,0
Potter,2,95,10,0,1,3,21
Potter,0,99,0,17,64,0,9
Potter,75,20,46,53,29,2,62
Potter,49,97,50,0,11,22,0
Potter,36,49,88,1,47,30,18
Potter,74,31,20,93,7,2,0
Potter,58,52,2,19,21,4,60
Potter,74,75,66,7,37,42,3
Potter,92,96,21,11,0,12,69
Potter,45,60,38,0,62,0,19
Potter,76,41,0,9,87,0,11
Potter,90,97,31,1,10,21,22
Potter,50,89,3,26,5,25,6
Potter,5,51,2,3,9,18,4
Potter,76,95,75,25,75,23,75
Potter,75,78,41,8,30,3,2
Potter,57,0,7,46,76,23,10
Potter,98,1,41,1,44,50,92
Potter,1,2,53,10,2,2,0
Potter,93,93,3,96,9,7,69
Potter,2,75,68,7,42,36,5
Potter,53,83,31,37,2,10,95
Potter,75,98,1,1,3,51,4
Potter,45,97,91,2,4,17,97
Potter,46,97,51,1,14,0,14
Potter,84,99,28,5,0,81,0
Potter,97,92,43,4,8,26,27
Potter,56,82,2,63,52,12,3
Potter,98,31,17,5,11,15,72
Potter,3,2,9,98,13,27,2
Potter,66,91,28,3,0,4,99
Potter,99,96,30,0,17,35,90
Potter,85,2,9,90,13,8,0
Potter,77,42,75,54,32,89,0
Potter,21,2,2,71,7,50,85
Potter,1,85,24,13,0,8,96
Potter,88,98,50,67,11,71,98
Potter,77,16,35,54,0,35,0
Potter,3,66,2,6,53,24,0
Potter,36,0,1,38,8,0,7
Potter,59,55,4,1,70,19,3
Potter,0,99,18,32,3,71,0
Potter,65,35,92,40,30,0,0
Potter,56,59,17,1,11,6,88
Potter,75,49,85,10,13,20,12
Potter,98,94,7,38,8,2,9
Potter,96,94,7,38,23,4,81
Potter,86,73,61,0,0,0,2
Potter,0,94,17,58,38,20,32
Potter,75,72,18,0,20,36,3
Potter,75,87,8,14,43,54,3
Potter,76,2,67,75,25,2,5
Potter,98,86,7,5,2,3,5
Potter,98,66,2,47,48,0,1
Potter,69,38,7,0,2,0,94
Potter,39,31,4,0,0,3,5
Potter,75,99,75,25,0,44,4
Potter,64,78,26,0,49,0,18
Potter,96,36,4,60,99,10,8
Potter,59,43,70,4,14,23,1
Potter,51,99,31,10,54,6,3
Potter,0,52,4,5,51,61,0
Potter,74,38,44,90,9,5,0
Potter,93,98,37,50,27,19,3
Potter,75,86,0,41,55,50,71
Potter,74,56,1,2,15,32,8
Potter,3,62,42,2,6,4,3
Potter,50,63,0,0,14,24,4
Potter,98,20,65,61,0,5,10
Potter,75,93,28,5,16,15,5
Potter,96,44,19,0,14,40,4
Potter,20,37,3,6,9,0,45
Potter,78,21,53,53,23,0,98
Potter,0,76,7,7,53,2,0
Potter,31,90,31,21,23,6,6
Potter,29,85,65,3,70,21,39
Potter,83,96,69,11,45,39,35
Potter,96,95,4,1,7,6,9
Potter,3,64,11,21,98,5,13
Potter,75,21,35,4,12,83,0
Potter,40,34,96,1,82,1,9
Potter,23,36,65,1,39,36,3
Potter,75,92,15,26,61,83,0
Potter,16,59,21,0,57,0,1
Potter,89,69,95,61,0,0,7
Potter,2,73,18,59,31,46,1
Potter,97,16,13,46,19,6,23
Potter,26,99,0,0,1,36,3
Potter,81,30,89,1,73,2,14
Potter,9,53,48,71,4,35,2
Potter,34,94,85,3,45,7,9
Potter,83,32,80,0,1,0,16
Potter,16,41,23,53,12,24,62
Potter,94,98,35,13,28,8,10
Potter,77,99,1,1,4,0,92
Potter,16,60,2,0,30,15,5
Potter,78,54,8,8,4,53,1
Potter,82,73,10,43,2,80,8
Potter,99,79,87,8,42,43,13
Potter,40,7,76,15,35,6,87
Potter,5,98,12,4,0,23,7
Potter,84,80,27,50,10,1,0
Potter,7,60,10,2,10,11,60
Potter,2,53,15,24,16,75,16
Potter,69,95,15,7,32,20,13
Potter,64,51,19,1,59,1,4
Potter,53,20,23,93,0,75,3
Potter,7,65,18,15,29,3,56
Potter,82,99,6,6,0,13,7
Potter,0,98,3,15,0,21,7
Potter,85,89,88,3,29,11,0
Potter,97,41,0,0,68,25,4
Potter,77,48,28,57,0,25,8
Potter,95,71,0,1,89,1,18
Potter,75,63,0,9,2,2,1
Potter,74,56,12,9,12,63,7
Potter,74,34,79,43,7,19,30
Potter,19,54,14,0,1,40,50
Potter,8,59,4,2,1,76,83
Potter,70,31,56,2,98,4,1
Potter,56,86,0,0,5,9,2
Potter,57,75,63,1,19,23,77
Potter,75,24,10,49,25,0,81
Potter,3,88,12,0,22,1,2
Potter,94,88,0,0,56,3,4
Potter,87,89,3,5,45,39,20
Potter,75,96,0,5,68,92,1
Potter,99,52,28,17,1,2,95
Potter,42,65,30,3,2,41,93
Potter,99,43,3,99,17,25,58
Potter,74,58,15,5,21,42,6
Potter,74,75,59,6,40,46,2
Potter,88,92,0,0,59,0,2
Potter,29,44,1,0,65,24,3
Potter,76,52,12,4,50,67,0
Potter,74,82,13,9,62,98,0
Potter,95,69,24,4,0,1,6
Potter,38,90,14,14,5,7,7
Potter,92,32,88,47,21,1,4
Potter,62,98,0,0,0,24,9
Potter,49,91,30,10,12,0,1
Potter,41,98,14,0,44,91,0
Potter,76,6,37,69,14,13,0
Potter,99,33,25,30,3,0,94
Potter,89,53,4,5,63,8,6
Potter,94,69,24,36,48,47,2
Potter,76,91,30,0,1,99,2
Potter,79,16,69,66,16,34,10
Potter,75,3,40,91,0,42,77
Potter,97,51,4,1,91,7,0
Potter,75,21,12,61,42,15,91
Potter,7,89,1,30,6,25,0
Potter,8,52,28,3,53,1,52
Potter,75,97,32,11,31,5,10
Potter,89,99,11,0,26,0,33
Potter,79,0,35,54,26,3,0
Potter,75,87,0,12,4,6,1
Potter,73,21,16,94,11,98,9
Potter,75,60,70,1,5,40,0
Potter,67,31,39,67,14,15,2
Potter,99,55,18,1,67,5,0
Potter,96,94,0,3,60,40,0
Potter,95,56,76,1,43,19,8
Potter,54,46,33,44,0,53,4
Potter,61,92,32,10,72,0,0
Potter,95,79,0,8,5,0,0
Potter,90,39,14,7,7,48,4
Potter,69,5,2,69,0,42,7
Potter,75,98,10,4,80,18,8
Potter,57,41,67,0,10,12,74
Potter,75,85,8,1,86,1,10
Potter,5,10,27,5,37,91,0
Potter,0,91,24,7,3,74,97
Potter,24,94,91,67,14,28,32
Potter,5,99,16,15,0,0,69
Potter,84,72,26,21,63,0,7
Potter,75,43,12,3,45,51,3
Potter,60,28,5,2,0,17,20
Potter,97,54,18,75,38,1,7
Potter,56,53,4,81,50,2,7
Potter,77,55,20,6,38,18,0
Potter,99,98,6,12,5,7,95
Potter,46,44,16,0,14,40,4
Potter,70,75,6,67,0,7,0
Potter,35,62,5,1,75,5,96
Potter,49,52,0,1,18,5,4
Potter,4,44,14,0,59,2,2
Potter,8,41,0,5,0,0,0
Potter,77,80,26,16,53,2,3
Potter,1,66,13,4,13,97,6
Potter,75,42,38,81,0,30,3
Potter,75,94,87,29,64,22,26
Potter,91,44,14,71,8,87,4
Potter,81,64,46,77,2,0,86
Potter,48,96,29,0,10,0,0
Potter,68,99,17,12,13,31,9
Potter,63,67,7,14,6,67,3
Potter,24,2,2,89,35,3,7
Potter,7,53,16,5,17,79,15
Potter,73,52,28,0,3,68,32
Potter,59,2,52,55,6,1,14
Potter,9,36,5,2,4,49,92
Potter,75,97,98,0,13,4,27
Potter,22,99,3,5,2,39,1
Potter,98,33,1,54,31,10,5
Potter,77,85,19,0,26,17,30
Potter,75,20,89,81,10,3,0
Potter,61,70,59,47,21,17,3
Potter,75,92,45,15,81,1,6
Potter,4,53,26,5,48,5,80
Potter,80,93,6,2,20,31,11
Potter,47,56,9,0,36,9,11
Potter,64,73,0,9,44,6,5
Potter,46,98,23,7,82,28,23
Potter,56,49,24,3,9,44,3
Potter,74,21,62,54,7,4,22
Potter,75,98,30,25,1,2,78
Potter,74,56,1,6,19,88,4
Potter,7,29,9,2,59,9,9
Potter,38,36,64,0,4,7,23
Potter,34,84,78,0,33,0,6
Potter,75,84,53,4,5,40,4
Potter,0,93,28,8,0,6,96
Potter,46,43,0,0,85,1,27
Potter,50,83,2,75,90,70,5
Potter,94,31,11,35,6,15,72
Potter,82,84,96,0,39,80,0
Potter,77,27,34,0,34,37,64
Potter,0,37,8,1,60,91,82
Potter,81,63,45,52,63,25,1
Potter,75,77,27,3,15,13,0
Potter,78,37,41,1,12,41,10
Potter,50,9,68,45,4,37,34
Potter,77,98,0,0,21,70,1
Potter,83,87,51,82,0,32,16
Potter,72,82,31,4,57,98,2
Potter,91,91,54,59,1,3,57
Potter,16,44,14,20,33,0,8
Potter,19,56,0,0,7,14,32
Potter,58,98,35,0,1,2,22
Potter,86,8,0,74,35,2,5
Potter,75,96,30,0,2,22,27
Potter,6,49,24,2,9,14,1
Potter,84,42,20,84,0,13,6
Potter,4,63,67,13,0,93,27
Potter,33,60,42,1,79,95,6
Potter,16,99,31,23,6,33,4
Potter,94,0,29,46,20,14,18
Potter,50,56,11,0,0,0,73
Potter,99,0,53,53,3,55,4
Potter,88,70,0,5,16,91,90
Potter,77,32,58,2,11,22,4
Potter,61,83,16,5,75,31,6
Potter,55,90,3,51,0,0,0
Potter,54,46,2,41,76,7,7
Potter,73,86,39,2,4,7,15
Potter,77,47,1,66,9,23,2
Potter,61,96,99,0,48,26,72
Potter,88,79,24,0,16,2,32
Potter,41,0,10,45,0,9,14
Potter,33,2,32,49,0,6,0
Potter,98,98,25,26,2,4,69
Potter,23,87,22,10,48,98,0
Potter,98,21,10,63,3,18,82
Potter,91,70,30,0,15,56,6
Potter,33,95,46,15,3,45,2
Potter,0,46,0,3,9,18,18
Potter,3,43,2,55,89,0,4
Potter,99,93,29,1,0,21,1
Potter,2,43,7,14,41,96,0
Potter,83,51,39,0,38,16,70
Potter,29,96,29,0,1,99,81
Potter,14,21,62,55,19,93,27
Potter,14,58,21,45,14,10,87
Potter,98,67,16,2,64,6,5
Potter,0,51,11,0,42,36,2
Potter,75,96,78,25,78,0,7
Potter,39,28,28,9,15,77,0
Potter,78,88,3,0,16,39,8
Potter,41,90,20,6,65,20,51
Potter,56,1,52,31,1,0,7
Potter,64,1,72,54,81,14,7
Potter,98,77,25,53,2,31,4
Potter,22,48,8,2,24,23,2
Potter,60,28,6,0,12,22,3
Potter,94,92,32,0,62,1,0
Potter,0,85,62,16,1,3,24
Potter,1,52,18,65,0,0,1
Potter,95,47,39,1,94,0,5
Potter,58,20,36,95,1,51,19
Potter,76,91,24,24,56,9,0
Potter,98,42,35,42,40,2,8
Potter,73,21,32,19,1,5,0
Potter,30,99,43,14,98,2,2
Potter,93,93,33,0,0,12,20
Potter,76,75,1,0,2,10,71
Potter,43,64,92,1,1,0,2
Potter,89,81,17,49,3,5,12
Potter,77,99,1,1,94,82,40
Potter,98,73,34,55,47,66,0
Potter,57,68,72,1,3,26,82
Potter,61,62,96,2,5,99,1
Potter,50,85,87,1,0,8,97
Potter,75,43,21,48,22,39,16
Potter,21,48,4,4,21,97,9
Potter,96,84,0,2,50,11,72
Potter,54,35,71,0,6,22,1
Potter,4,47,43,0,51,5,46
Potter,53,83,2,24,4,15,0
Potter,0,2,54,10,0,0,1
Potter,31,99,19,11,87,13,6
Potter,94,59,31,69,0,9,9
Potter,1,74,17,19,1,1,0
Potter,21,3,8,99,4,9,1
Potter,90,53,20,61,26,45,3
Potter,35,98,0,3,63,21,8
Potter,7,64,44,71,4,81,1
Potter,2,33,56,54,3,40,2
Potter,77,97,22,0,80,0,71
Potter,77,57,19,11,35,0,4
Potter,97,61,81,52,29,13,57
Potter,75,96,11,3,0,0,9
Potter,72,10,25,94,11,12,0
Potter,5,94,0,2,60,99,2
Potter,33,35,61,13,74,20,16
Potter,74,32,6,42,2,0,0
Potter,98,81,0,96,91,6,2
Potter,63,52,27,19,3,0,95
Potter,95,64,20,66,5,0,1
Potter,38,91,28,4,61,9,10
Potter,99,31,39,66,0,15,0
Potter,75,21,49,49,1,3,5
Potter,99,95,44,36,4,8,1
Potter,86,97,21,50,1,1,36
Potter,74,26,92,52,90,18,2
Potter,76,66,92,3,44,0,17
Potter,65,34,13,4,58,3,0
Potter,67,83,17,10,19,5,0
Potter,99,96,0,31,1,2,0
Potter,77,59,5,0,64,12,8
Potter,50,63,15,5,54,16,5
Potter,2,95,10,0,1,3,21
Potter,68,93,25,9,76,0,6
Potter,90,30,0,0,55,8,16
Potter,75,44,56,5,0,5,2
Potter,91,2,0,67,11,15,10
Potter,96,73,10,1,0,0,94
Potter,44,2,95,52,0,7,25
Potter,77,97,27,25,0,26,0
Potter,26,13,1,86,0,69,8
Potter,98,99,50,8,20,41,8
Potter,76,95,1,0,2,2,71
Potter,95,90,86,12,19,0,2
Potter,38,64,4,1,5,83,5
Potter,2,66,12,1,0,60,96
Potter,85,50,17,53,22,20,14
Potter,76,47,8,9,0,0,13
Potter,99,9,4,81,69,58,18
Potter,1,6,17,31,48,9,7
Potter,62,67,50,1,69,6,4
Potter,0,97,22,5,4,82,1
Potter,0,40,66,3,30,1,5
Potter,75,34,77,9,10,2,43
Potter,43,6,2,12,1,14,34
Potter,37,90,4,26,4,27,6
Potter,74,45,20,1,12,50,14
Potter,75,44,16,0,0,32,3
Potter,95,99,2,71,0,36,7
Potter,78,21,54,53,29,0,9
Potter,96,97,19,48,3,39,0
Potter,86,70,38,56,37,0,6
Potter,95,61,30,50,25,54,3
Potter,90,69,27,1,85,40,11
Potter,52,84,9,2,32,28,18
Potter,97,93,0,10,9,34,5
Potter,75,51,51,1,10,66,0
Potter,73,67,50,0,12,1,3
Potter,46,9,42,34,1,3,0
Potter,28,1,41,80,0,14,19
Potter,96,15,0,99,11,8,14
Potter,0,84,0,17,57,13,0
Potter,70,77,18,11,11,1,3
Potter,95,69,4,1,1,1,3
Potter,65,96,19,8,30,23,0
Potter,73,52,91,42,13,12,0
Potter,98,31,30,45,1,1,73
Potter,75,15,23,71,6,2,97
Potter,89,87,17,65,28,22,2
Potter,63,97,14,41,13,0,57
Potter,30,78,31,8,15,26,31
Potter,97,15,77,25,65,10,13
Potter,94,40,22,3,0,80,91
Potter,75,54,1,5,46,56,86
Potter,1,38,6,2,26,13,81
Potter,74,61,6,1,15,0,1
Potter,77,74,28,16,2,12,0
Potter,79,0,61,55,35,19,35
Potter,43,70,29,3,78,3,2
Potter,88,21,97,50,13,48,0
Potter,87,5,23,63,1,17,27
Potter,78,99,0,6,4,38,0
Potter,68,99,20,71,1,23,40
Potter,33,92,53,0,2,29,16
Potter,77,37,58,1,71,8,99
Potter,94,31,29,45,17,9,18
Potter,81,87,2,1,36,1,0
Potter,60,21,12,88,10,1,27
Potter,40,81,13,4,56,0,73
Potter,78,30,93,1,75,2,15
Potter,6,45,0,8,6,89,3
Potter,41,71,52,45,56,0,2
Potter,67,31,56,89,99,1,1
Potter,87,40,29,7,6,16,3
Potter,0,46,0,7,37,0,24
Potter,78,97,2,1,53,89,0
Potter,99,15,7,99,10,25,13
Potter,2,64,9,3,30,60,5
Potter,99,31,12,2,12,15,72
Potter,50,63,1,5,43,21,14
Potter,75,81,23,1,5,1,98
Potter,89,67,30,0,89,17,33
Potter,89,81,30,1,82,8,18
Potter,81,21,19,98,13,26,59
Potter,74,75,68,6,4,20,10
Potter,94,33,15,41,2,81,91
Potter,75,51,10,3,58,2,17
Potter,77,91,35,53,30,86,0
Potter,39,99,1,0,7,14,1
Potter,37,92,0,85,44,18,9
Potter,91,95,7,55,6,19,58
Potter,77,93,18,17,2,0,4
Potter,10,57,96,65,20,50,46
Potter,76,87,26,0,99,36,32
Potter,62,74,31,0,20,20,64
Potter,75,87,1,4,97,28,9
Potter,99,34,0,0,37,0,18
Potter,47,58,16,13,42,6,4
Potter,75,97,3,0,31,24,11
Potter,73,35,88,58,16,5,47
Potter,78,21,7,15,0,37,2
Potter,2,41,2,0,2,11,59
Potter,95,94,27,4,0,76,11
Potter,58,48,3,17,21,17,62
Potter,50,31,3,53,28,0,7
Potter,75,48,19,0,25,24,11
Potter,1,20,23,50,6,3,24
Potter,66,38,28,2,26,10,1
Potter,52,99,2,0,92,2,5
Potter,27,57,17,12,10,0,87
Potter,77,99,0,0,0,8,71
Potter,97,94,34,53,12,15,6
Potter,75,88,44,14,77,40,3
Potter,99,76,4,6,66,0,2
Potter,61,68,86,0,43,34,13
Potter,80,62,5,9,82,0,0
Potter,77,34,6,1,98,38,2
Potter,97,82,2,2,13,99,0
Potter,99,14,9,1,56,0,16
Potter,36,86,79,0,30,36,4
Potter,64,65,5,2,2,91,94
Potter,54,59,0,0,20,78,0
Potter,90,92,40,6,29,0,2
Potter,2,72,18,6,8,1,87
Potter,97,21,31,60,9,6,1
Potter,3,83,4,0,1,26,7
Potter,27,21,62,97,3,93,91
Potter,95,69,24,4,0,1,6
Potter,96,77,34,65,0,0,9
Potter,42,76,63,2,63,45,2
Potter,52,0,87,65,2,10,0
Potter,11,94,23,3,60,93,0
Potter,92,64,4,9,98,0,5
Potter,76,76,8,7,75,3,1
Potter,98,85,3,0,8,13,2
Potter,39,6,17,41,35,0,88
Potter,97,73,58,91,67,2,7
Potter,85,92,10,13,45,47,6
Potter,29,95,59,6,63,81,1
Potter,1,21,10,57,0,3,0
Potter,17,15,77,33,1,4,47
Potter,61,98,76,2,2,69,1
Potter,37,89,9,29,9,50,4
Potter,72,57,35,12,50,0,2
Potter,0,65,44,54,4,84,1
Potter,75,85,5,0,55,16,41
Potter,92,74,25,41,37,10,0
Potter,93,73,27,4,81,10,1
Potter,2,99,1,33,0,25,36
Potter,40,52,32,32,0,45,6
Potter,95,53,1,66,2,3,94
Potter,99,87,3,56,1,20,0
Potter,63,42,11,15,0,0,1
Potter,77,47,8,43,0,16,92
Potter,60,27,43,2,6,13,19
Potter,75,87,21,17,72,9,22
Potter,77,44,52,0,27,2,85
Potter,47,67,50,49,52,0,2
Potter,77,98,30,4,23,3,4
Potter,75,86,2,1,8,5,27
Potter,77,81,3,96,10,24,93
Potter,3,29,23,80,55,10,9
Potter,12,56,15,0,30,2,7
Potter,77,91,24,8,12,73,21
Potter,93,53,7,52,7,49,3
Potter,98,96,15,33,3,39,0
Potter,94,82,1,8,16,83,90
Potter,87,73,16,8,30,48,0
Potter,74,72,23,8,33,0,1
Potter,83,13,92,51,87,19,19
Potter,74,77,88,0,1,7,40
Potter,75,64,17,6,61,95,0
Potter,92,81,74,46,41,1,2
Potter,91,61,40,9,7,37,5
Potter,41,92,29,9,46,4,33
Potter,96,40,40,77,5,20,52
Potter,91,21,18,56,3,0,22
Potter,77,83,13,0,50,33,3
Potter,97,97,21,6,29,4,10
Potter,39,25,48,50,37,97,96
Potter,76,21,94,52,1,1,42
Potter,44,2,69,41,0,66,20
Potter,75,63,0,3,55,50,78
Potter,1,46,50,0,55,16,45
Potter,50,63,14,4,14,99,2
Potter,41,90,23,9,53,0,33
Potter,26,77,28,3,0,44,69
Potter,30,70,27,16,11,25,40
Potter,6,57,4,0,17,0,2
Potter,41,90,15,5,63,26,31
Potter,76,61,15,20,1,1,2
Potter,91,45,27,5,2,27,0
Potter,29,52,27,9,34,1,80
Potter,61,78,9,4,22,83,90
Potter,75,84,17,19,61,0,35
Potter,72,67,0,32,1,3,7
Potter,75,85,0,72,55,50,78
Potter,74,91,20,6,52,33,11
Potter,77,90,27,9,0,7,96
Potter,62,95,21,62,0,0,35
Potter,53,89,12,3,0,90,0
Potter,82,79,48,8,36,20,66
Potter,75,62,74,1,59,45,92
Potter,39,42,10,0,8,0,4
Potter,11,63,78,43,71,10,7
Potter,77,52,20,35,2,29,99
Potter,67,35,6,39,99,1,7
Potter,93,53,17,1,69,2,0
Potter,43,91,1,0,43,19,15
Potter,51,84,12,5,30,30,32
Potter,91,56,63,0,35,4,1
Potter,75,88,31,41,16,20,15
Potter,97,47,40,80,4,21,69
Potter,0,95,3,0,61,79,37
Potter,87,33,0,0,40,0,17
Potter,75,64,9,0,27,5,1
Potter,75,49,8,1,66,1,3
Potter,8,69,52,47,21,12,9
Potter,32,36,99,57,21,45,42
Potter,19,21,62,63,0,0,89
Potter,98,81,92,1,55,4,4
Potter,1,33,53,40,10,0,24
Potter,21,89,57,19,68,14,95
Potter,75,52,7,5,48,18,77
Potter,35,40,3,10,57,33,6
Potter,73,21,20,93,7,89,9
Potter,9,64,3,2,3,2,0
Potter,12,99,35,17,66,2,9
Potter,61,73,62,0,36,24,12
Potter,85,82,21,1,54,24,69
Potter,4,87,78,11,48,3,17
Potter,78,4,10,71,68,11,8
Potter,76,46,7,91,1,1,0
Potter,38,48,21,2,7,0,5
Potter,53,97,45,2,30,1,34
Potter,5,20,35,78,7,5,93
Potter,53,47,4,4,25,7,0
Potter,95,64,39,7,21,30,0
Potter,54,78,0,74,0,18,7
Potter,76,47,29,3,26,0,52
Potter,39,98,33,0,30,1,1
Potter,97,97,19,49,6,11,2
Potter,62,21,20,84,0,49,7
Potter,59,78,10,4,68,32,19
Potter,63,21,52,88,5,26,26
Potter,3,63,20,27,7,6,0
Potter,40,52,59,1,0,35,5
Potter,60,48,19,1,0,0,8
Potter,64,97,48,1,29,31,1
Potter,86,81,25,4,8,33,97
Potter,2,11,28,2,42,80,0
Potter,75,84,47,3,21,50,14
Potter,58,55,13,0,51,87,34
Potter,99,57,92,59,2,8,8
Potter,73,2,1,87,13,3,1
Potter,70,3,19,66,2,37,3
Potter,1,83,53,14,14,29,30
Potter,99,79,69,8,10,2,6
Potter,0,46,0,3,9,18,8
Potter,10,37,8,2,2,32,98
Potter,93,69,37,1,48,94,0
Potter,2,85,4,16,3,22,10
Potter,18,85,0,4,85,10,4
Potter,98,90,3,1,84,6,1
Potter,95,15,0,45,3,7,6
Potter,66,37,22,1,30,60,2
Potter,37,76,0,18,17,0,7
Potter,71,94,23,7,34,39,90
Potter,40,48,19,6,27,8,0
Potter,1,76,77,7,32,33,4
Potter,77,47,39,55,10,20,3
Potter,62,21,18,48,9,22,4
Potter,74,70,27,0,9,26,3
Potter,31,45,46,82,3,5,5
Potter,96,92,26,20,1,43,21
Potter,99,58,35,7,25,1,0
Potter,38,56,7,0,74,15,21
Potter,54,57,10,0,11,7,0
Potter,50,99,30,8,60,24,7
Potter,78,53,6,1,58,96,1
Potter,72,95,36,5,76,32,34
Potter,65,40,7,0,60,13,82
Potter,99,50,51,0,94,11,7
Potter,63,84,14,5,22,19,16
Potter,29,52,28,9,50,94,79
Potter,73,1,0,73,4,48,42
Potter,52,37,8,3,3,15,6
Potter,72,56,35,4,58,3,3
Potter,63,20,53,84,0,99,32
Potter,95,78,30,0,27,13,3
Potter,25,3,4,99,21,10,3
Potter,99,82,30,1,0,29,3
Potter,71,57,17,0,21,71,3
Potter,47,84,5,10,42,6,0
Potter,99,72,24,83,2,4,1
Potter,99,6,14,92,9,13,8
Potter,72,21,87,1,4,6,40
Potter,97,34,37,0,22,4,5
Potter,9,53,2,9,86,3,4
Potter,74,34,0,35,44,3,72
Potter,17,65,15,14,98,8,12
Potter,4,42,1,9,8,13,6
Potter,16,31,26,52,8,10,93
Potter,95,24,35,42,0,4,2
Potter,91,52,60,63,0,24,0
Potter,4,31,94,3,44,70,8
Potter,99,97,30,47,29,0,4
Potter,83,35,5,1,94,34,2
Potter,83,32,96,53,2,40,2
Potter,92,70,21,0,14,42,10
Potter,75,20,73,44,14,19,7
Potter,49,37,11,83,12,26,60
Potter,99,43,14,4,67,0,18
Potter,71,86,1,8,48,5,1
Potter,61,84,11,2,29,24,30
Potter,1,55,3,10,54,0,0
Potter,99,98,31,6,93,0,0
Potter,6,0,9,99,17,3,7
Potter,99,1,2,0,30,24,14
Potter,75,42,95,0,60,13,81
Potter,97,89,84,43,50,12,73
Potter,29,92,49,76,1,2,4
Potter,5,29,22,3,57,10,10
Potter,75,86,20,16,0,0,35
Potter,75,3,1,85,14,4,77
Potter,46,99,16,69,2,11,14
Potter,94,53,28,11,11,0,0
Potter,7,47,22,0,17,85,86
Potter,31,50,24,56,1,1,4
Potter,28,78,32,9,12,0,35
Potter,99,63,13,82,81,29,17
Potter,91,67,4,0,84,99,3
Potter,90,20,50,55,36,69,4
Potter,77,21,49,81,31,0,85
Potter,63,89,2,0,2,98,1
Potter,56,88,9,94,0,2,1
Potter,4,45,2,4,9,18,8
Potter,70,61,5,74,5,27,1
Potter,75,55,3,1,2,90,0
Potter,99,39,4,73,34,82,8
Potter,75,95,4,6,42,17,31
Potter,97,65,47,3,11,75,0
Potter,72,82,47,15,77,18,34
Potter,61,99,34,5,20,6,10
Potter,39,29,26,9,28,16,4
Potter,98,31,93,5,16,15,0
Potter,41,52,31,0,14,10,55
Potter,54,99,13,4,2,92,9
Potter,87,84,26,0,41,11,0
Potter,82,0,6,73,1,44,0
Potter,85,77,49,49,40,5,40
Potter,42,1,54,55,5,10,93
Potter,75,79,1,0,68,3,0
Potter,96,95,10,92,25,31,26
Potter,12,73,28,52,13,3,0
Potter,54,41,9,6,11,10,7
Potter,43,87,14,5,44,16,93
Potter,99,42,18,2,66,40,4
Potter,75,82,16,32,73,0,35
Potter,96,36,22,1,58,4,17
Potter,77,91,20,1,2,1,6
Potter,99,73,13,52,13,26,16
Potter,75,79,12,12,68,0,19
Potter,58,92,71,6,24,78,3
Potter,72,99,0,0,53,20,24
Potter,55,36,2,6,4,8,3
Potter,60,88,4,19,6,17,4
Potter,98,12,8,41,13,26,6
Potter,62,97,97,1,15,10,2
Potter,78,65,0,0,22,73,0
Potter,80,88,3,92,0,3,0
Potter,34,65,56,0,27,71,2
Potter,58,97,1,39,35,12,49
Potter,77,28,89,0,19,24,16
Potter,97,49,24,7,1,13,12
Potter,86,40,91,79,17,19,8
Potter,80,80,1,17,24,2,4
Potter,11,1,1,99,6,16,2
Potter,76,58,3,54,4,27,1
Potter,99,63,44,14,66,30,28
Potter,97,60,23,72,26,53,10
Potter,75,93,30,5,16,11,9
Potter,78,85,0,12,1,12,0
Potter,30,59,18,10,17,8,5
Potter,84,5,7,99,0,0,59
Potter,47,74,96,0,82,3,30
Potter,12,99,34,4,43,9,6
Potter,34,99,19,22,4,3,10
Potter,89,51,68,0,35,96,0
Potter,26,46,14,3,41,0,4
Potter,65,68,49,51,8,68,3
Potter,46,83,0,25,95,22,0
Potter,80,91,35,1,60,1,14
Potter,99,12,4,99,1,6,26
Potter,57,65,67,1,1,26,76
Potter,77,66,68,0,90,0,4
Potter,95,2,69,71,44,16,2
Potter,75,55,32,10,57,2,2
Potter,79,89,31,2,4,13,22
Potter,77,20,26,89,6,12,21
Potter,75,20,47,51,1,0,62
Potter,27,85,39,11,44,77,0
Potter,76,68,21,5,55,3,44
Potter,33,94,0,7,2,40,7
Potter,99,95,3,2,8,95,30
Potter,88,6,21,62,43,14,28
Potter,74,94,9,0,0,3,9
Potter,87,38,46,70,6,9,96
Potter,7,98,33,1,79,3,7
Potter,99,29,51,51,26,26,98
Potter,8,20,41,36,3,13,94
Potter,60,27,5,10,9,5,4
Potter,11,96,37,39,45,21,3
Potter,36,62,0,17,9,99,92
Potter,99,47,46,6,12,89,70
Potter,30,55,31,45,90,0,27
Potter,10,59,5,1,2,0,32
Potter,1,98,83,0,0,25,7
Potter,98,45,21,3,0,40,4
Potter,77,81,3,55,94,99,96
Potter,52,0,2,52,22,15,17
Potter,75,84,0,25,64,50,86
Potter,61,86,49,1,67,0,1
Potter,2,27,77,42,67,6,1
Potter,97,31,6,86,0,19,1
Potter,57,4,18,62,9,94,3
Potter,77,56,0,0,17,4,0
Potter,99,20,4,53,28,23,1
Potter,47,96,29,0,1,40,2
Potter,0,92,0,2,0,73,9
Potter,85,0,59,76,0,45,0
Potter,11,42,12,34,76,9,49
Potter,99,43,46,7,18,3,1
Potter,28,77,0,21,21,2,8
Potter,96,95,7,25,14,19,71
Potter,5,52,0,9,92,1,4
Potter,76,65,2,2,21,55,0
Potter,99,70,13,4,70,27,2
Potter,81,99,35,16,14,6,8
Potter,4,56,51,0,47,0,7
Potter,56,54,4,75,37,0,72
Potter,33,90,48,0,3,43,20
Potter,81,33,87,99,1,24,8
Potter,89,84,14,29,10,12,3
Potter,74,51,26,0,46,5,0
Potter,90,30,41,36,27,2,8
Potter,73,42,26,51,26,12,2
Potter,99,73,0,38,0,22,8
Potter,58,49,3,17,34,15,59
Potter,75,45,47,4,18,0,3
Potter,98,61,4,1,44,23,0
Potter,98,31,5,75,25,34,95
Potter,3,63,19,35,5,41,7
Potter,17,91,30,60,17,1,0
Potter,1,84,13,4,8,12,38
Potter,74,87,66,0,14,49,14
Potter,26,79,34,14,28,1,5
Potter,7,31,26,54,18,9,5
Potter,77,61,76,0,10,6,44
Potter,52,47,51,45,23,5,97
